customer_id,risk_score,risk_label,investment_horizon,monthly_invest_capacity_won,primary_goal,survey_date
C00001,5,공격형,1년이하,800000,자녀교육,2025-04-30
C00002,5,공격형,1년이하,800000,주택마련,2025-05-15
C00003,1,초저위험,1년이하,3000000,자녀교육,2025-02-27
C00004,2,저위험,1-3년,500000,자산증식,2025-08-26
C00005,5,공격형,3-5년,100000,단기운용,2025-06-22
C00006,4,적극형,1년이하,800000,노후대비,2025-06-26
C00007,2,저위험,1-3년,300000,자산증식,2025-08-25
C00008,4,적극형,10년이상,1500000,노후대비,2025-01-15
C00009,4,적극형,5-10년,300000,주택마련,2025-05-22
C00010,4,적극형,10년이상,3000000,노후대비,2025-06-23
C00011,5,공격형,1년이하,300000,노후대비,2025-04-16
C00012,1,초저위험,5-10년,500000,주택마련,2025-05-24
C00013,2,저위험,1년이하,500000,자녀교육,2025-06-16
C00014,3,중립형,3-5년,3000000,단기운용,2025-05-31
C00015,2,저위험,1년이하,1500000,자녀교육,2025-08-09
C00016,4,적극형,3-5년,1500000,단기운용,2025-01-06
C00017,5,공격형,5-10년,300000,자산증식,2025-03-31
C00018,2,저위험,5-10년,100000,노후대비,2025-02-14
C00019,5,공격형,1년이하,3000000,자산증식,2025-01-08
C00020,2,저위험,1년이하,1500000,자산증식,2025-08-13
C00021,1,초저위험,3-5년,500000,자녀교육,2025-03-13
C00022,4,적극형,3-5년,100000,노후대비,2025-08-09
C00023,2,저위험,3-5년,3000000,단기운용,2025-09-08
C00024,5,공격형,5-10년,300000,주택마련,2025-06-03
C00025,1,초저위험,10년이상,800000,자녀교육,2025-03-31
C00026,1,초저위험,1년이하,3000000,자산증식,2025-05-03
C00027,3,중립형,3-5년,300000,자산증식,2025-03-29
C00028,3,중립형,5-10년,1500000,단기운용,2025-04-16
C00029,5,공격형,3-5년,300000,단기운용,2025-07-18
C00030,2,저위험,3-5년,100000,노후대비,2025-05-20
C00031,5,공격형,1년이하,100000,주택마련,2025-06-17
C00032,4,적극형,10년이상,800000,노후대비,2025-03-11
C00033,5,공격형,1-3년,1500000,단기운용,2025-05-07
C00034,3,중립형,10년이상,100000,주택마련,2025-04-26
C00035,4,적극형,5-10년,500000,노후대비,2025-10-17
C00036,5,공격형,5-10년,800000,노후대비,2025-03-29
C00037,3,중립형,1년이하,100000,주택마련,2025-06-02
C00038,3,중립형,5-10년,1500000,노후대비,2025-08-26
C00039,1,초저위험,3-5년,500000,자산증식,2025-05-24
C00040,5,공격형,5-10년,100000,자산증식,2025-07-22
C00041,1,초저위험,10년이상,500000,자산증식,2025-06-02
C00042,4,적극형,1-3년,1500000,자산증식,2025-04-09
C00043,1,초저위험,1년이하,3000000,자산증식,2025-07-13
C00044,5,공격형,1-3년,500000,주택마련,2025-10-16
C00045,1,초저위험,1-3년,3000000,주택마련,2025-07-18
C00046,4,적극형,10년이상,3000000,자녀교육,2025-07-01
C00047,4,적극형,1-3년,3000000,주택마련,2025-01-21
C00048,2,저위험,5-10년,3000000,단기운용,2025-02-10
C00049,5,공격형,5-10년,800000,자산증식,2025-03-09
C00050,3,중립형,3-5년,500000,자산증식,2025-02-04
C00051,5,공격형,3-5년,3000000,주택마련,2025-08-17
C00052,3,중립형,1-3년,300000,노후대비,2025-08-08
C00053,5,공격형,5-10년,100000,단기운용,2025-06-14
C00054,2,저위험,5-10년,500000,노후대비,2025-06-30
C00055,2,저위험,10년이상,800000,자산증식,2025-04-14
C00056,1,초저위험,1년이하,3000000,자녀교육,2025-08-21
C00057,1,초저위험,1년이하,300000,자산증식,2025-09-22
C00058,4,적극형,10년이상,500000,자녀교육,2025-06-16
C00059,1,초저위험,3-5년,500000,노후대비,2025-10-17
C00060,4,적극형,3-5년,300000,자녀교육,2025-01-02
C00061,5,공격형,5-10년,100000,자산증식,2025-01-24
C00062,4,적극형,5-10년,300000,노후대비,2025-06-15
C00063,2,저위험,10년이상,100000,노후대비,2025-07-08
C00064,3,중립형,10년이상,500000,노후대비,2025-06-27
C00065,4,적극형,1-3년,1500000,자산증식,2025-08-21
C00066,2,저위험,1년이하,100000,자녀교육,2025-03-23
C00067,1,초저위험,1-3년,100000,주택마련,2025-10-16
C00068,3,중립형,1년이하,800000,노후대비,2025-07-28
C00069,2,저위험,10년이상,800000,주택마련,2025-10-20
C00070,4,적극형,1년이하,1500000,노후대비,2025-04-13
C00071,2,저위험,1-3년,1500000,단기운용,2025-01-17
C00072,3,중립형,3-5년,800000,주택마련,2025-06-22
C00073,4,적극형,1-3년,1500000,주택마련,2025-07-24
C00074,1,초저위험,1-3년,300000,자녀교육,2025-04-16
C00075,1,초저위험,3-5년,500000,자녀교육,2025-04-25
C00076,5,공격형,1-3년,800000,주택마련,2025-07-31
C00077,3,중립형,1-3년,100000,단기운용,2025-05-14
C00078,5,공격형,1-3년,300000,주택마련,2025-08-04
C00079,2,저위험,10년이상,500000,자산증식,2025-02-24
C00080,1,초저위험,1년이하,3000000,단기운용,2025-09-08
C00081,5,공격형,3-5년,3000000,자산증식,2025-03-11
C00082,3,중립형,1년이하,3000000,자녀교육,2025-06-21
C00083,1,초저위험,5-10년,1500000,주택마련,2025-02-19
C00084,3,중립형,10년이상,1500000,자녀교육,2025-09-25
C00085,5,공격형,1-3년,100000,단기운용,2025-03-15
C00086,3,중립형,10년이상,800000,자산증식,2025-10-18
C00087,5,공격형,3-5년,800000,단기운용,2025-10-28
C00088,5,공격형,5-10년,500000,단기운용,2025-04-15
C00089,2,저위험,3-5년,300000,주택마련,2025-10-27
C00090,4,적극형,1-3년,300000,주택마련,2025-07-31
C00091,4,적극형,3-5년,1500000,주택마련,2025-06-04
C00092,4,적극형,1년이하,3000000,단기운용,2025-01-06
C00093,2,저위험,1년이하,500000,자녀교육,2025-08-27
C00094,1,초저위험,10년이상,1500000,노후대비,2025-02-28
C00095,5,공격형,1-3년,800000,주택마련,2025-05-30
C00096,5,공격형,10년이상,3000000,단기운용,2025-07-16
C00097,3,중립형,5-10년,300000,주택마련,2025-03-30
C00098,1,초저위험,1-3년,100000,노후대비,2025-04-07
C00099,3,중립형,3-5년,3000000,노후대비,2025-04-19
C00100,2,저위험,1년이하,1500000,자산증식,2025-08-28
C00101,4,적극형,10년이상,800000,자녀교육,2025-06-20
C00102,4,적극형,1-3년,3000000,자녀교육,2025-05-25
C00103,1,초저위험,1-3년,3000000,자녀교육,2025-04-14
C00104,5,공격형,3-5년,500000,노후대비,2025-03-26
C00105,5,공격형,10년이상,100000,자산증식,2025-05-13
C00106,3,중립형,10년이상,3000000,자녀교육,2025-06-02
C00107,1,초저위험,5-10년,300000,자녀교육,2025-06-25
C00108,4,적극형,5-10년,1500000,노후대비,2025-05-29
C00109,1,초저위험,1-3년,3000000,단기운용,2025-01-27
C00110,1,초저위험,10년이상,3000000,주택마련,2025-05-26
C00111,1,초저위험,1년이하,300000,자녀교육,2025-05-31
C00112,1,초저위험,1-3년,1500000,노후대비,2025-07-01
C00113,5,공격형,3-5년,3000000,노후대비,2025-03-08
C00114,2,저위험,5-10년,300000,주택마련,2025-04-09
C00115,2,저위험,1년이하,1500000,자산증식,2025-10-08
C00116,5,공격형,3-5년,1500000,자녀교육,2025-03-23
C00117,1,초저위험,5-10년,500000,노후대비,2025-09-27
C00118,5,공격형,5-10년,800000,노후대비,2025-01-19
C00119,1,초저위험,5-10년,100000,자산증식,2025-03-06
C00120,3,중립형,1-3년,300000,주택마련,2025-07-31
C00121,3,중립형,5-10년,3000000,자녀교육,2025-02-19
C00122,2,저위험,5-10년,3000000,자산증식,2025-03-31
C00123,3,중립형,10년이상,800000,자녀교육,2025-02-25
C00124,3,중립형,10년이상,800000,자산증식,2025-06-15
C00125,5,공격형,3-5년,1500000,자녀교육,2025-07-16
C00126,5,공격형,3-5년,800000,주택마련,2025-09-09
C00127,2,저위험,1년이하,3000000,노후대비,2025-10-12
C00128,5,공격형,10년이상,800000,자녀교육,2025-09-20
C00129,1,초저위험,1년이하,300000,자산증식,2025-01-16
C00130,2,저위험,1-3년,3000000,단기운용,2025-03-07
C00131,1,초저위험,1년이하,500000,단기운용,2025-05-09
C00132,4,적극형,5-10년,500000,단기운용,2025-04-02
C00133,5,공격형,1년이하,800000,주택마련,2025-06-21
C00134,4,적극형,1년이하,300000,노후대비,2025-10-02
C00135,2,저위험,5-10년,3000000,단기운용,2025-08-29
C00136,2,저위험,1-3년,300000,자산증식,2025-07-03
C00137,4,적극형,10년이상,1500000,자녀교육,2025-06-09
C00138,2,저위험,1-3년,800000,자녀교육,2025-04-06
C00139,3,중립형,1-3년,500000,단기운용,2025-03-31
C00140,2,저위험,1년이하,3000000,자산증식,2025-08-24
C00141,5,공격형,5-10년,100000,자녀교육,2025-09-14
C00142,5,공격형,5-10년,100000,주택마련,2025-03-16
C00143,5,공격형,10년이상,3000000,자녀교육,2025-06-26
C00144,4,적극형,5-10년,300000,자산증식,2025-06-11
C00145,3,중립형,1-3년,100000,자녀교육,2025-09-28
C00146,5,공격형,10년이상,1500000,단기운용,2025-06-03
C00147,3,중립형,1-3년,300000,노후대비,2025-04-24
C00148,1,초저위험,1년이하,1500000,단기운용,2025-07-14
C00149,2,저위험,5-10년,300000,자녀교육,2025-08-29
C00150,1,초저위험,1년이하,3000000,단기운용,2025-09-06
C00151,3,중립형,5-10년,1500000,주택마련,2025-02-14
C00152,5,공격형,10년이상,500000,단기운용,2025-02-26
C00153,5,공격형,10년이상,300000,자산증식,2025-04-07
C00154,1,초저위험,5-10년,500000,노후대비,2025-04-20
C00155,1,초저위험,10년이상,800000,자녀교육,2025-09-18
C00156,5,공격형,3-5년,500000,자산증식,2025-10-18
C00157,4,적극형,1년이하,500000,주택마련,2025-02-05
C00158,3,중립형,3-5년,3000000,자녀교육,2025-07-12
C00159,3,중립형,10년이상,500000,노후대비,2025-10-09
C00160,4,적극형,3-5년,300000,주택마련,2025-07-11
C00161,2,저위험,1년이하,3000000,자녀교육,2025-10-15
C00162,5,공격형,1-3년,300000,자산증식,2025-10-03
C00163,3,중립형,3-5년,100000,단기운용,2025-08-22
C00164,5,공격형,3-5년,1500000,자산증식,2025-09-11
C00165,4,적극형,10년이상,1500000,자산증식,2025-06-01
C00166,1,초저위험,10년이상,300000,자녀교육,2025-09-21
C00167,3,중립형,5-10년,100000,자산증식,2025-06-03
C00168,1,초저위험,5-10년,300000,노후대비,2025-01-09
C00169,2,저위험,1-3년,100000,자산증식,2025-10-27
C00170,4,적극형,1-3년,1500000,자녀교육,2025-05-10
C00171,2,저위험,5-10년,3000000,자녀교육,2025-01-12
C00172,3,중립형,3-5년,3000000,단기운용,2025-10-25
C00173,3,중립형,1-3년,300000,자산증식,2025-08-01
C00174,4,적극형,10년이상,3000000,자산증식,2025-06-08
C00175,4,적극형,3-5년,500000,노후대비,2025-06-02
C00176,4,적극형,1-3년,1500000,주택마련,2025-01-17
C00177,5,공격형,1년이하,3000000,자녀교육,2025-08-24
C00178,5,공격형,1년이하,1500000,노후대비,2025-06-28
C00179,5,공격형,1-3년,300000,주택마련,2025-04-06
C00180,1,초저위험,3-5년,100000,자녀교육,2025-09-05
C00181,4,적극형,3-5년,800000,주택마련,2025-08-23
C00182,2,저위험,1년이하,1500000,주택마련,2025-06-05
C00183,3,중립형,1년이하,300000,단기운용,2025-07-03
C00184,4,적극형,10년이상,100000,주택마련,2025-03-25
C00185,1,초저위험,1-3년,500000,자녀교육,2025-05-14
C00186,2,저위험,5-10년,3000000,주택마련,2025-01-15
C00187,3,중립형,5-10년,800000,주택마련,2025-01-16
C00188,4,적극형,1-3년,500000,자녀교육,2025-03-16
C00189,2,저위험,1년이하,800000,자녀교육,2025-09-12
C00190,4,적극형,1년이하,300000,노후대비,2025-09-06
C00191,3,중립형,3-5년,1500000,주택마련,2025-07-03
C00192,1,초저위험,1년이하,300000,단기운용,2025-08-06
C00193,4,적극형,1년이하,500000,자녀교육,2025-08-26
C00194,5,공격형,1-3년,1500000,단기운용,2025-05-18
C00195,4,적극형,1-3년,800000,단기운용,2025-04-26
C00196,3,중립형,5-10년,500000,단기운용,2025-06-30
C00197,2,저위험,10년이상,300000,주택마련,2025-09-18
C00198,3,중립형,1년이하,500000,자산증식,2025-04-30
C00199,2,저위험,1년이하,1500000,자녀교육,2025-02-13
C00200,5,공격형,1년이하,3000000,단기운용,2025-05-15
C00201,1,초저위험,1년이하,1500000,자녀교육,2025-01-28
C00202,2,저위험,10년이상,500000,자산증식,2025-08-12
C00203,5,공격형,5-10년,1500000,자녀교육,2025-06-09
C00204,3,중립형,10년이상,500000,자산증식,2025-09-26
C00205,2,저위험,5-10년,800000,자산증식,2025-07-24
C00206,5,공격형,1년이하,300000,단기운용,2025-09-17
C00207,1,초저위험,10년이상,3000000,자산증식,2025-06-11
C00208,1,초저위험,10년이상,800000,노후대비,2025-10-23
C00209,3,중립형,1년이하,3000000,단기운용,2025-03-16
C00210,5,공격형,1-3년,3000000,주택마련,2025-01-14
C00211,2,저위험,1년이하,3000000,단기운용,2025-10-10
C00212,5,공격형,10년이상,1500000,주택마련,2025-02-27
C00213,4,적극형,10년이상,500000,자녀교육,2025-03-26
C00214,4,적극형,1년이하,300000,주택마련,2025-02-21
C00215,1,초저위험,10년이상,3000000,단기운용,2025-05-01
C00216,5,공격형,3-5년,100000,자산증식,2025-10-10
C00217,4,적극형,1-3년,100000,단기운용,2025-01-05
C00218,2,저위험,3-5년,100000,노후대비,2025-08-13
C00219,3,중립형,1년이하,500000,주택마련,2025-01-23
C00220,3,중립형,5-10년,3000000,주택마련,2025-09-08
C00221,1,초저위험,10년이상,300000,주택마련,2025-02-04
C00222,2,저위험,1년이하,800000,노후대비,2025-06-05
C00223,1,초저위험,10년이상,800000,자산증식,2025-08-29
C00224,2,저위험,1년이하,800000,자녀교육,2025-06-03
C00225,3,중립형,1년이하,1500000,단기운용,2025-02-23
C00226,4,적극형,5-10년,1500000,자산증식,2025-06-10
C00227,5,공격형,3-5년,1500000,자녀교육,2025-08-28
C00228,1,초저위험,5-10년,3000000,자녀교육,2025-08-31
C00229,1,초저위험,1-3년,1500000,자녀교육,2025-06-21
C00230,1,초저위험,10년이상,500000,노후대비,2025-05-02
C00231,4,적극형,1-3년,1500000,주택마련,2025-10-12
C00232,1,초저위험,5-10년,500000,단기운용,2025-03-20
C00233,3,중립형,1년이하,1500000,주택마련,2025-04-20
C00234,3,중립형,10년이상,1500000,노후대비,2025-10-07
C00235,4,적극형,10년이상,500000,자녀교육,2025-09-22
C00236,4,적극형,5-10년,1500000,자산증식,2025-10-10
C00237,1,초저위험,10년이상,100000,자산증식,2025-06-22
C00238,2,저위험,10년이상,500000,자산증식,2025-10-23
C00239,5,공격형,5-10년,3000000,노후대비,2025-08-29
C00240,2,저위험,10년이상,3000000,주택마련,2025-06-23
C00241,3,중립형,10년이상,500000,노후대비,2025-06-30
C00242,3,중립형,3-5년,100000,자산증식,2025-02-07
C00243,5,공격형,10년이상,3000000,노후대비,2025-08-23
C00244,3,중립형,5-10년,1500000,단기운용,2025-03-30
C00245,2,저위험,1-3년,100000,자녀교육,2025-04-27
C00246,3,중립형,1-3년,500000,단기운용,2025-10-06
C00247,1,초저위험,1-3년,500000,노후대비,2025-02-11
C00248,2,저위험,3-5년,1500000,자산증식,2025-03-04
C00249,3,중립형,3-5년,300000,자산증식,2025-07-25
C00250,5,공격형,10년이상,1500000,노후대비,2025-10-23
C00251,3,중립형,5-10년,800000,자산증식,2025-03-22
C00252,2,저위험,1년이하,1500000,노후대비,2025-05-01
C00253,1,초저위험,1년이하,3000000,자산증식,2025-10-06
C00254,4,적극형,5-10년,1500000,노후대비,2025-03-19
C00255,5,공격형,10년이상,100000,단기운용,2025-09-29
C00256,4,적극형,5-10년,1500000,주택마련,2025-08-09
C00257,3,중립형,3-5년,800000,주택마련,2025-05-11
C00258,5,공격형,5-10년,500000,단기운용,2025-06-04
C00259,3,중립형,10년이상,300000,주택마련,2025-03-11
C00260,4,적극형,5-10년,300000,자녀교육,2025-07-16
C00261,2,저위험,3-5년,500000,자산증식,2025-06-05
C00262,4,적극형,10년이상,3000000,자녀교육,2025-04-22
C00263,4,적극형,5-10년,300000,주택마련,2025-04-08
C00264,1,초저위험,5-10년,800000,자녀교육,2025-05-03
C00265,5,공격형,3-5년,3000000,자녀교육,2025-02-26
C00266,2,저위험,3-5년,3000000,단기운용,2025-06-24
C00267,2,저위험,10년이상,1500000,단기운용,2025-02-01
C00268,5,공격형,10년이상,800000,자산증식,2025-06-30
C00269,2,저위험,5-10년,500000,주택마련,2025-02-10
C00270,3,중립형,3-5년,300000,자녀교육,2025-09-11
C00271,4,적극형,1년이하,3000000,자녀교육,2025-01-13
C00272,5,공격형,10년이상,800000,자산증식,2025-07-30
C00273,2,저위험,1년이하,100000,단기운용,2025-05-14
C00274,2,저위험,5-10년,300000,노후대비,2025-08-30
C00275,5,공격형,10년이상,300000,노후대비,2025-06-05
C00276,3,중립형,5-10년,100000,주택마련,2025-08-24
C00277,2,저위험,1-3년,100000,노후대비,2025-01-14
C00278,4,적극형,1-3년,500000,단기운용,2025-09-19
C00279,3,중립형,3-5년,300000,노후대비,2025-04-04
C00280,1,초저위험,1-3년,300000,주택마련,2025-02-09
C00281,3,중립형,1-3년,800000,주택마련,2025-07-03
C00282,4,적극형,10년이상,1500000,자녀교육,2025-01-22
C00283,3,중립형,3-5년,300000,노후대비,2025-02-10
C00284,1,초저위험,10년이상,100000,자녀교육,2025-08-30
C00285,3,중립형,3-5년,3000000,단기운용,2025-05-16
C00286,5,공격형,1년이하,300000,주택마련,2025-06-11
C00287,5,공격형,5-10년,3000000,자산증식,2025-02-20
C00288,1,초저위험,3-5년,100000,단기운용,2025-06-23
C00289,2,저위험,10년이상,1500000,노후대비,2025-01-28
C00290,4,적극형,5-10년,100000,자녀교육,2025-04-04
C00291,3,중립형,1-3년,500000,주택마련,2025-09-27
C00292,3,중립형,3-5년,3000000,자산증식,2025-06-27
C00293,3,중립형,10년이상,800000,노후대비,2025-02-08
C00294,5,공격형,1년이하,800000,자산증식,2025-05-26
C00295,3,중립형,3-5년,3000000,단기운용,2025-10-11
C00296,4,적극형,3-5년,500000,주택마련,2025-08-28
C00297,5,공격형,5-10년,3000000,자산증식,2025-04-22
C00298,4,적극형,3-5년,300000,단기운용,2025-02-07
C00299,5,공격형,5-10년,800000,주택마련,2025-09-23
C00300,2,저위험,10년이상,500000,단기운용,2025-04-14
C00301,4,적극형,10년이상,500000,주택마련,2025-02-14
C00302,1,초저위험,1년이하,100000,자산증식,2025-07-07
C00303,4,적극형,10년이상,500000,단기운용,2025-05-15
C00304,2,저위험,5-10년,100000,자산증식,2025-01-27
C00305,5,공격형,3-5년,100000,자산증식,2025-04-24
C00306,4,적극형,5-10년,800000,자산증식,2025-02-02
C00307,2,저위험,5-10년,1500000,노후대비,2025-07-15
C00308,2,저위험,10년이상,1500000,노후대비,2025-02-17
C00309,2,저위험,5-10년,3000000,노후대비,2025-08-12
C00310,5,공격형,5-10년,500000,단기운용,2025-09-18
C00311,1,초저위험,1-3년,500000,주택마련,2025-07-03
C00312,1,초저위험,3-5년,800000,자산증식,2025-01-17
C00313,2,저위험,10년이상,100000,자녀교육,2025-10-14
C00314,1,초저위험,3-5년,100000,단기운용,2025-05-12
C00315,2,저위험,1년이하,100000,주택마련,2025-10-19
C00316,5,공격형,1-3년,1500000,자산증식,2025-07-08
C00317,3,중립형,10년이상,3000000,주택마련,2025-05-08
C00318,1,초저위험,1년이하,800000,자녀교육,2025-05-28
C00319,5,공격형,10년이상,500000,자산증식,2025-02-23
C00320,5,공격형,1년이하,800000,주택마련,2025-03-15
C00321,2,저위험,5-10년,1500000,자녀교육,2025-05-29
C00322,4,적극형,3-5년,800000,자녀교육,2025-10-08
C00323,4,적극형,5-10년,100000,자산증식,2025-07-21
C00324,1,초저위험,1년이하,100000,노후대비,2025-08-20
C00325,4,적극형,3-5년,300000,주택마련,2025-03-15
C00326,5,공격형,3-5년,3000000,자녀교육,2025-01-01
C00327,3,중립형,3-5년,500000,자녀교육,2025-10-21
C00328,3,중립형,3-5년,3000000,노후대비,2025-02-19
C00329,5,공격형,3-5년,800000,단기운용,2025-08-02
C00330,4,적극형,10년이상,300000,노후대비,2025-08-02
C00331,3,중립형,10년이상,800000,주택마련,2025-02-28
C00332,3,중립형,5-10년,1500000,주택마련,2025-04-16
C00333,4,적극형,10년이상,500000,노후대비,2025-02-05
C00334,4,적극형,5-10년,1500000,자산증식,2025-01-22
C00335,3,중립형,1-3년,800000,단기운용,2025-05-31
C00336,1,초저위험,3-5년,800000,자녀교육,2025-03-15
C00337,2,저위험,3-5년,500000,자녀교육,2025-02-18
C00338,5,공격형,1-3년,1500000,자산증식,2025-08-03
C00339,4,적극형,3-5년,100000,단기운용,2025-06-15
C00340,1,초저위험,1년이하,300000,주택마련,2025-03-13
C00341,3,중립형,5-10년,3000000,주택마련,2025-08-01
C00342,2,저위험,1년이하,300000,주택마련,2025-08-26
C00343,5,공격형,1년이하,800000,노후대비,2025-02-01
C00344,4,적극형,1-3년,800000,주택마련,2025-10-27
C00345,5,공격형,3-5년,300000,단기운용,2025-01-05
C00346,3,중립형,5-10년,1500000,단기운용,2025-04-23
C00347,3,중립형,3-5년,1500000,단기운용,2025-08-19
C00348,5,공격형,1-3년,3000000,자녀교육,2025-10-18
C00349,3,중립형,3-5년,500000,주택마련,2025-10-21
C00350,4,적극형,3-5년,3000000,노후대비,2025-08-14
C00351,5,공격형,10년이상,1500000,자산증식,2025-06-21
C00352,1,초저위험,1-3년,500000,자녀교육,2025-05-01
C00353,5,공격형,3-5년,500000,자산증식,2025-09-10
C00354,1,초저위험,5-10년,500000,자산증식,2025-01-23
C00355,1,초저위험,1-3년,800000,주택마련,2025-10-20
C00356,5,공격형,5-10년,100000,단기운용,2025-07-28
C00357,4,적극형,3-5년,500000,자산증식,2025-08-13
C00358,2,저위험,1년이하,300000,노후대비,2025-06-18
C00359,1,초저위험,3-5년,800000,주택마련,2025-08-20
C00360,1,초저위험,1년이하,500000,주택마련,2025-03-24
C00361,2,저위험,10년이상,300000,주택마련,2025-08-01
C00362,3,중립형,10년이상,800000,자산증식,2025-03-08
C00363,4,적극형,10년이상,300000,단기운용,2025-08-16
C00364,4,적극형,1년이하,300000,자녀교육,2025-09-01
C00365,2,저위험,1년이하,100000,노후대비,2025-01-18
C00366,1,초저위험,1-3년,300000,단기운용,2025-07-30
C00367,2,저위험,10년이상,1500000,자산증식,2025-04-22
C00368,1,초저위험,5-10년,100000,단기운용,2025-07-17
C00369,3,중립형,3-5년,500000,단기운용,2025-09-16
C00370,5,공격형,1년이하,500000,노후대비,2025-10-10
C00371,5,공격형,5-10년,300000,노후대비,2025-05-19
C00372,2,저위험,5-10년,1500000,주택마련,2025-05-07
C00373,5,공격형,3-5년,300000,자산증식,2025-07-02
C00374,1,초저위험,5-10년,100000,단기운용,2025-06-20
C00375,5,공격형,1-3년,300000,자녀교육,2025-02-18
C00376,1,초저위험,1년이하,100000,단기운용,2025-03-18
C00377,5,공격형,5-10년,800000,노후대비,2025-04-11
C00378,3,중립형,1년이하,800000,자녀교육,2025-04-11
C00379,4,적극형,1-3년,300000,노후대비,2025-08-10
C00380,1,초저위험,10년이상,800000,노후대비,2025-01-07
C00381,3,중립형,1년이하,100000,단기운용,2025-02-14
C00382,1,초저위험,1년이하,300000,자녀교육,2025-07-14
C00383,4,적극형,5-10년,100000,자산증식,2025-01-21
C00384,1,초저위험,5-10년,300000,단기운용,2025-09-19
C00385,3,중립형,3-5년,3000000,자산증식,2025-05-17
C00386,2,저위험,1년이하,300000,단기운용,2025-05-12
C00387,2,저위험,1년이하,1500000,단기운용,2025-01-12
C00388,2,저위험,1-3년,100000,주택마련,2025-07-31
C00389,2,저위험,10년이상,800000,주택마련,2025-03-17
C00390,4,적극형,1-3년,800000,단기운용,2025-02-18
C00391,1,초저위험,10년이상,500000,주택마련,2025-02-01
C00392,3,중립형,10년이상,100000,자녀교육,2025-07-05
C00393,2,저위험,1-3년,1500000,단기운용,2025-01-04
C00394,4,적극형,5-10년,300000,자녀교육,2025-05-15
C00395,5,공격형,1년이하,300000,단기운용,2025-02-28
C00396,4,적극형,3-5년,800000,주택마련,2025-09-01
C00397,1,초저위험,1-3년,500000,노후대비,2025-08-06
C00398,2,저위험,1-3년,300000,자녀교육,2025-10-10
C00399,3,중립형,1년이하,1500000,자산증식,2025-10-26
C00400,4,적극형,1-3년,300000,노후대비,2025-06-25
C00401,4,적극형,3-5년,800000,노후대비,2025-02-24
C00402,5,공격형,1-3년,300000,단기운용,2025-02-10
C00403,2,저위험,1-3년,100000,단기운용,2025-09-10
C00404,1,초저위험,1년이하,3000000,자산증식,2025-01-31
C00405,2,저위험,3-5년,300000,자녀교육,2025-10-07
C00406,4,적극형,1년이하,300000,주택마련,2025-02-08
C00407,3,중립형,5-10년,3000000,주택마련,2025-01-28
C00408,2,저위험,1-3년,800000,주택마련,2025-08-12
C00409,3,중립형,1년이하,500000,단기운용,2025-08-14
C00410,3,중립형,1-3년,800000,자산증식,2025-02-13
C00411,5,공격형,10년이상,500000,자산증식,2025-02-02
C00412,4,적극형,5-10년,300000,단기운용,2025-07-26
C00413,4,적극형,1년이하,1500000,자산증식,2025-04-27
C00414,5,공격형,5-10년,800000,단기운용,2025-06-27
C00415,3,중립형,5-10년,800000,자녀교육,2025-02-11
C00416,5,공격형,1년이하,800000,자산증식,2025-10-28
C00417,1,초저위험,10년이상,3000000,단기운용,2025-01-13
C00418,5,공격형,1-3년,100000,자녀교육,2025-10-14
C00419,2,저위험,1년이하,1500000,노후대비,2025-01-22
C00420,5,공격형,1-3년,1500000,주택마련,2025-03-04
C00421,4,적극형,5-10년,100000,자녀교육,2025-09-30
C00422,2,저위험,10년이상,1500000,자녀교육,2025-03-25
C00423,4,적극형,3-5년,300000,자산증식,2025-05-08
C00424,3,중립형,5-10년,1500000,주택마련,2025-04-21
C00425,2,저위험,3-5년,3000000,자녀교육,2025-07-28
C00426,2,저위험,3-5년,100000,자산증식,2025-04-17
C00427,4,적극형,3-5년,300000,노후대비,2025-04-16
C00428,1,초저위험,1년이하,100000,주택마련,2025-04-27
C00429,2,저위험,10년이상,1500000,주택마련,2025-04-11
C00430,3,중립형,5-10년,3000000,자산증식,2025-02-18
C00431,1,초저위험,5-10년,3000000,자산증식,2025-06-11
C00432,2,저위험,10년이상,800000,주택마련,2025-01-08
C00433,1,초저위험,1-3년,500000,단기운용,2025-10-22
C00434,1,초저위험,1년이하,800000,자산증식,2025-10-12
C00435,2,저위험,1-3년,3000000,주택마련,2025-04-16
C00436,5,공격형,3-5년,3000000,자녀교육,2025-06-27
C00437,1,초저위험,3-5년,500000,노후대비,2025-05-04
C00438,3,중립형,1-3년,800000,노후대비,2025-10-25
C00439,1,초저위험,1-3년,1500000,노후대비,2025-01-28
C00440,4,적극형,1년이하,1500000,자녀교육,2025-06-06
C00441,4,적극형,1년이하,3000000,노후대비,2025-09-29
C00442,2,저위험,1년이하,1500000,자녀교육,2025-06-21
C00443,5,공격형,1-3년,500000,노후대비,2025-02-18
C00444,5,공격형,1년이하,3000000,노후대비,2025-04-20
C00445,3,중립형,1-3년,300000,자녀교육,2025-03-06
C00446,5,공격형,3-5년,3000000,자산증식,2025-03-24
C00447,5,공격형,5-10년,1500000,노후대비,2025-03-05
C00448,5,공격형,5-10년,500000,단기운용,2025-05-25
C00449,1,초저위험,1년이하,3000000,자녀교육,2025-06-07
C00450,2,저위험,1년이하,500000,주택마련,2025-02-04
C00451,2,저위험,3-5년,1500000,자산증식,2025-09-01
C00452,2,저위험,10년이상,1500000,자산증식,2025-04-17
C00453,4,적극형,1년이하,800000,단기운용,2025-08-02
C00454,5,공격형,5-10년,3000000,단기운용,2025-05-22
C00455,5,공격형,10년이상,800000,자산증식,2025-10-06
C00456,3,중립형,1년이하,100000,주택마련,2025-06-03
C00457,3,중립형,1-3년,300000,자산증식,2025-02-09
C00458,3,중립형,10년이상,800000,자산증식,2025-08-10
C00459,1,초저위험,1년이하,800000,자산증식,2025-10-12
C00460,1,초저위험,5-10년,300000,단기운용,2025-02-24
C00461,3,중립형,1-3년,100000,단기운용,2025-07-11
C00462,1,초저위험,5-10년,500000,자산증식,2025-07-16
C00463,4,적극형,1-3년,500000,노후대비,2025-02-09
C00464,5,공격형,1년이하,500000,주택마련,2025-09-06
C00465,2,저위험,1-3년,300000,노후대비,2025-02-11
C00466,2,저위험,1년이하,800000,자녀교육,2025-08-08
C00467,3,중립형,10년이상,3000000,자산증식,2025-05-01
C00468,3,중립형,5-10년,300000,노후대비,2025-07-11
C00469,3,중립형,1-3년,800000,자녀교육,2025-01-08
C00470,1,초저위험,10년이상,100000,노후대비,2025-05-20
C00471,5,공격형,5-10년,800000,노후대비,2025-09-19
C00472,2,저위험,3-5년,300000,단기운용,2025-01-23
C00473,4,적극형,3-5년,800000,자녀교육,2025-08-28
C00474,2,저위험,5-10년,1500000,자산증식,2025-06-07
C00475,4,적극형,10년이상,3000000,주택마련,2025-03-06
C00476,3,중립형,10년이상,1500000,자산증식,2025-10-03
C00477,1,초저위험,1년이하,100000,단기운용,2025-03-08
C00478,1,초저위험,1년이하,1500000,자녀교육,2025-03-28
C00479,4,적극형,1-3년,100000,자산증식,2025-04-04
C00480,4,적극형,3-5년,500000,자녀교육,2025-05-05
C00481,3,중립형,1-3년,300000,주택마련,2025-05-18
C00482,2,저위험,1-3년,500000,노후대비,2025-05-31
C00483,3,중립형,1-3년,3000000,노후대비,2025-07-26
C00484,1,초저위험,1년이하,3000000,자녀교육,2025-02-15
C00485,5,공격형,3-5년,1500000,자산증식,2025-05-09
C00486,5,공격형,1년이하,100000,단기운용,2025-04-21
C00487,5,공격형,1년이하,500000,노후대비,2025-05-15
C00488,1,초저위험,1-3년,100000,노후대비,2025-02-02
C00489,4,적극형,5-10년,3000000,자녀교육,2025-01-16
C00490,1,초저위험,1-3년,300000,단기운용,2025-10-05
C00491,3,중립형,1-3년,100000,자산증식,2025-07-13
C00492,2,저위험,10년이상,3000000,단기운용,2025-07-24
C00493,4,적극형,1년이하,100000,자산증식,2025-04-01
C00494,5,공격형,10년이상,3000000,자산증식,2025-02-22
C00495,2,저위험,1년이하,300000,자녀교육,2025-02-13
C00496,4,적극형,1-3년,300000,노후대비,2025-08-02
C00497,1,초저위험,5-10년,3000000,노후대비,2025-05-09
C00498,5,공격형,3-5년,3000000,자산증식,2025-01-30
C00499,1,초저위험,5-10년,3000000,단기운용,2025-05-26
C00500,4,적극형,3-5년,100000,단기운용,2025-08-14
C00501,5,공격형,10년이상,800000,단기운용,2025-10-08
C00502,3,중립형,1-3년,100000,주택마련,2025-08-31
C00503,3,중립형,1년이하,300000,주택마련,2025-06-27
C00504,5,공격형,10년이상,1500000,단기운용,2025-09-27
C00505,4,적극형,10년이상,3000000,자산증식,2025-09-14
C00506,5,공격형,1-3년,800000,자녀교육,2025-07-21
C00507,1,초저위험,10년이상,800000,주택마련,2025-01-12
C00508,2,저위험,5-10년,300000,단기운용,2025-05-15
C00509,2,저위험,1년이하,1500000,단기운용,2025-02-15
C00510,4,적극형,10년이상,100000,자산증식,2025-01-15
C00511,5,공격형,10년이상,100000,주택마련,2025-06-02
C00512,5,공격형,10년이상,3000000,단기운용,2025-09-29
C00513,4,적극형,3-5년,1500000,자산증식,2025-02-07
C00514,2,저위험,1-3년,500000,자산증식,2025-04-02
C00515,5,공격형,1년이하,100000,자녀교육,2025-03-12
C00516,5,공격형,5-10년,500000,자산증식,2025-03-01
C00517,3,중립형,1-3년,100000,단기운용,2025-04-19
C00518,4,적극형,1년이하,800000,자녀교육,2025-04-17
C00519,2,저위험,1-3년,500000,단기운용,2025-04-16
C00520,3,중립형,1년이하,500000,주택마련,2025-01-04
C00521,1,초저위험,10년이상,500000,노후대비,2025-02-10
C00522,5,공격형,1-3년,500000,주택마련,2025-04-15
C00523,3,중립형,3-5년,500000,단기운용,2025-05-31
C00524,1,초저위험,10년이상,800000,자녀교육,2025-09-17
C00525,5,공격형,5-10년,800000,단기운용,2025-09-05
C00526,1,초저위험,1년이하,500000,단기운용,2025-06-20
C00527,3,중립형,10년이상,500000,자녀교육,2025-10-24
C00528,3,중립형,3-5년,100000,주택마련,2025-01-11
C00529,1,초저위험,1-3년,300000,자산증식,2025-06-01
C00530,4,적극형,3-5년,100000,자녀교육,2025-08-12
C00531,2,저위험,1-3년,3000000,노후대비,2025-01-20
C00532,1,초저위험,10년이상,500000,단기운용,2025-06-23
C00533,5,공격형,5-10년,1500000,자녀교육,2025-03-28
C00534,3,중립형,10년이상,1500000,노후대비,2025-04-08
C00535,4,적극형,1년이하,3000000,자녀교육,2025-09-08
C00536,1,초저위험,1-3년,1500000,주택마련,2025-05-06
C00537,2,저위험,1-3년,100000,주택마련,2025-06-11
C00538,1,초저위험,5-10년,500000,노후대비,2025-07-23
C00539,1,초저위험,1-3년,800000,주택마련,2025-05-11
C00540,2,저위험,1-3년,500000,자녀교육,2025-08-08
C00541,5,공격형,10년이상,300000,단기운용,2025-09-12
C00542,3,중립형,3-5년,100000,노후대비,2025-10-09
C00543,2,저위험,3-5년,300000,자녀교육,2025-03-21
C00544,3,중립형,1-3년,800000,자산증식,2025-03-29
C00545,3,중립형,1-3년,3000000,자산증식,2025-05-04
C00546,4,적극형,5-10년,800000,노후대비,2025-05-18
C00547,3,중립형,1년이하,3000000,주택마련,2025-10-06
C00548,4,적극형,10년이상,100000,단기운용,2025-04-06
C00549,5,공격형,10년이상,100000,단기운용,2025-04-01
C00550,5,공격형,5-10년,1500000,주택마련,2025-08-12
C00551,3,중립형,1년이하,1500000,노후대비,2025-06-02
C00552,3,중립형,1-3년,100000,주택마련,2025-05-19
C00553,5,공격형,5-10년,300000,주택마련,2025-10-24
C00554,4,적극형,3-5년,800000,자산증식,2025-04-13
C00555,3,중립형,1년이하,800000,주택마련,2025-09-25
C00556,4,적극형,1년이하,100000,자산증식,2025-01-29
C00557,3,중립형,1-3년,500000,자산증식,2025-03-24
C00558,5,공격형,5-10년,800000,자산증식,2025-08-17
C00559,5,공격형,5-10년,300000,자산증식,2025-10-13
C00560,3,중립형,3-5년,300000,단기운용,2025-03-04
C00561,1,초저위험,1년이하,3000000,자녀교육,2025-07-04
C00562,4,적극형,10년이상,300000,자산증식,2025-10-11
C00563,2,저위험,1년이하,1500000,단기운용,2025-07-17
C00564,2,저위험,10년이상,800000,자산증식,2025-09-20
C00565,4,적극형,10년이상,800000,자녀교육,2025-03-14
C00566,4,적극형,5-10년,800000,주택마련,2025-06-14
C00567,5,공격형,10년이상,300000,자녀교육,2025-08-29
C00568,2,저위험,10년이상,1500000,주택마련,2025-05-02
C00569,1,초저위험,5-10년,800000,단기운용,2025-05-19
C00570,3,중립형,1년이하,300000,자녀교육,2025-01-17
C00571,3,중립형,10년이상,800000,자산증식,2025-04-02
C00572,3,중립형,1년이하,300000,주택마련,2025-02-08
C00573,3,중립형,10년이상,800000,자녀교육,2025-09-18
C00574,4,적극형,1-3년,300000,자녀교육,2025-04-18
C00575,3,중립형,1-3년,500000,노후대비,2025-05-25
C00576,1,초저위험,3-5년,500000,자산증식,2025-09-15
C00577,4,적극형,3-5년,800000,자산증식,2025-10-20
C00578,5,공격형,1-3년,1500000,자녀교육,2025-03-31
C00579,4,적극형,10년이상,800000,자녀교육,2025-05-20
C00580,1,초저위험,1-3년,1500000,자녀교육,2025-04-16
C00581,3,중립형,1-3년,800000,자녀교육,2025-09-07
C00582,2,저위험,1년이하,300000,자녀교육,2025-07-31
C00583,3,중립형,1-3년,300000,주택마련,2025-06-14
C00584,1,초저위험,3-5년,100000,자녀교육,2025-04-21
C00585,3,중립형,5-10년,100000,자녀교육,2025-01-06
C00586,5,공격형,3-5년,1500000,단기운용,2025-07-30
C00587,4,적극형,1년이하,3000000,단기운용,2025-04-16
C00588,5,공격형,1년이하,3000000,자녀교육,2025-05-21
C00589,3,중립형,5-10년,500000,노후대비,2025-01-06
C00590,4,적극형,1년이하,300000,자산증식,2025-08-09
C00591,2,저위험,1-3년,300000,자녀교육,2025-05-17
C00592,3,중립형,1년이하,1500000,자산증식,2025-06-25
C00593,2,저위험,3-5년,1500000,단기운용,2025-05-25
C00594,2,저위험,10년이상,300000,자녀교육,2025-10-14
C00595,2,저위험,1-3년,800000,자녀교육,2025-03-31
C00596,5,공격형,1년이하,1500000,단기운용,2025-08-05
C00597,3,중립형,1-3년,1500000,단기운용,2025-08-31
C00598,4,적극형,3-5년,3000000,노후대비,2025-06-28
C00599,2,저위험,1-3년,1500000,단기운용,2025-05-22
C00600,3,중립형,5-10년,800000,주택마련,2025-05-17
C00601,3,중립형,1년이하,100000,자녀교육,2025-08-18
C00602,5,공격형,1-3년,1500000,노후대비,2025-05-21
C00603,1,초저위험,5-10년,500000,단기운용,2025-09-19
C00604,5,공격형,3-5년,1500000,단기운용,2025-07-19
C00605,2,저위험,3-5년,500000,주택마련,2025-03-27
C00606,1,초저위험,1-3년,3000000,주택마련,2025-01-13
C00607,2,저위험,1년이하,100000,단기운용,2025-06-01
C00608,3,중립형,5-10년,800000,노후대비,2025-08-05
C00609,2,저위험,1-3년,300000,노후대비,2025-03-18
C00610,2,저위험,10년이상,100000,단기운용,2025-04-12
C00611,1,초저위험,5-10년,300000,주택마련,2025-04-12
C00612,5,공격형,10년이상,100000,자산증식,2025-05-12
C00613,3,중립형,1년이하,300000,단기운용,2025-02-16
C00614,3,중립형,10년이상,3000000,노후대비,2025-01-14
C00615,2,저위험,3-5년,3000000,자녀교육,2025-10-15
C00616,4,적극형,1-3년,800000,자산증식,2025-06-13
C00617,4,적극형,1-3년,300000,노후대비,2025-06-18
C00618,1,초저위험,10년이상,3000000,자산증식,2025-08-27
C00619,4,적극형,3-5년,100000,주택마련,2025-09-30
C00620,5,공격형,3-5년,100000,단기운용,2025-09-01
C00621,4,적극형,1-3년,100000,단기운용,2025-04-04
C00622,4,적극형,3-5년,1500000,단기운용,2025-04-11
C00623,3,중립형,1년이하,800000,주택마련,2025-06-21
C00624,5,공격형,3-5년,800000,자산증식,2025-04-18
C00625,3,중립형,10년이상,1500000,주택마련,2025-02-09
C00626,1,초저위험,1년이하,3000000,주택마련,2025-06-30
C00627,4,적극형,1-3년,1500000,자산증식,2025-02-21
C00628,3,중립형,3-5년,300000,노후대비,2025-08-11
C00629,4,적극형,1년이하,1500000,자산증식,2025-03-18
C00630,3,중립형,10년이상,300000,자산증식,2025-04-18
C00631,1,초저위험,1-3년,800000,자산증식,2025-06-21
C00632,1,초저위험,3-5년,800000,자산증식,2025-09-27
C00633,3,중립형,5-10년,100000,자산증식,2025-03-26
C00634,5,공격형,5-10년,500000,주택마련,2025-10-05
C00635,5,공격형,10년이상,3000000,자산증식,2025-08-12
C00636,5,공격형,5-10년,500000,노후대비,2025-01-02
C00637,5,공격형,1-3년,3000000,자녀교육,2025-09-04
C00638,5,공격형,5-10년,100000,자녀교육,2025-05-30
C00639,3,중립형,1년이하,3000000,자녀교육,2025-04-07
C00640,1,초저위험,1-3년,300000,자산증식,2025-08-20
C00641,4,적극형,1년이하,3000000,노후대비,2025-08-01
C00642,5,공격형,10년이상,300000,단기운용,2025-08-09
C00643,5,공격형,5-10년,1500000,단기운용,2025-03-29
C00644,2,저위험,5-10년,800000,주택마련,2025-04-03
C00645,1,초저위험,10년이상,1500000,자녀교육,2025-07-04
C00646,5,공격형,1-3년,100000,단기운용,2025-02-28
C00647,1,초저위험,3-5년,1500000,주택마련,2025-02-17
C00648,4,적극형,1-3년,800000,자녀교육,2025-06-24
C00649,4,적극형,5-10년,500000,노후대비,2025-10-26
C00650,3,중립형,3-5년,500000,자녀교육,2025-06-16
C00651,4,적극형,3-5년,500000,단기운용,2025-06-21
C00652,2,저위험,10년이상,1500000,노후대비,2025-04-27
C00653,2,저위험,1-3년,100000,주택마련,2025-03-29
C00654,3,중립형,10년이상,1500000,주택마련,2025-03-09
C00655,3,중립형,1-3년,500000,노후대비,2025-05-14
C00656,3,중립형,3-5년,500000,단기운용,2025-09-01
C00657,2,저위험,10년이상,500000,자녀교육,2025-02-28
C00658,4,적극형,3-5년,100000,노후대비,2025-09-26
C00659,1,초저위험,3-5년,500000,단기운용,2025-01-14
C00660,1,초저위험,5-10년,500000,단기운용,2025-03-05
C00661,5,공격형,10년이상,3000000,자산증식,2025-06-17
C00662,1,초저위험,5-10년,1500000,단기운용,2025-02-04
C00663,2,저위험,5-10년,100000,단기운용,2025-05-27
C00664,1,초저위험,10년이상,3000000,단기운용,2025-02-27
C00665,5,공격형,5-10년,300000,단기운용,2025-06-17
C00666,4,적극형,5-10년,3000000,노후대비,2025-09-09
C00667,4,적극형,5-10년,500000,주택마련,2025-10-18
C00668,2,저위험,3-5년,300000,단기운용,2025-01-22
C00669,1,초저위험,1년이하,300000,노후대비,2025-05-21
C00670,3,중립형,5-10년,3000000,자녀교육,2025-03-09
C00671,4,적극형,5-10년,100000,노후대비,2025-10-06
C00672,2,저위험,1-3년,800000,자산증식,2025-02-02
C00673,2,저위험,1년이하,1500000,주택마련,2025-04-09
C00674,5,공격형,5-10년,800000,단기운용,2025-02-04
C00675,1,초저위험,1-3년,100000,노후대비,2025-10-25
C00676,3,중립형,3-5년,300000,자녀교육,2025-05-03
C00677,2,저위험,5-10년,3000000,노후대비,2025-02-08
C00678,5,공격형,10년이상,1500000,단기운용,2025-06-18
C00679,2,저위험,3-5년,100000,자산증식,2025-10-17
C00680,3,중립형,1-3년,100000,자산증식,2025-03-13
C00681,5,공격형,3-5년,1500000,주택마련,2025-01-13
C00682,3,중립형,5-10년,300000,단기운용,2025-07-30
C00683,1,초저위험,3-5년,100000,자산증식,2025-03-19
C00684,2,저위험,10년이상,3000000,자산증식,2025-06-25
C00685,5,공격형,1년이하,800000,자녀교육,2025-02-02
C00686,5,공격형,1년이하,300000,자녀교육,2025-04-16
C00687,4,적극형,10년이상,300000,자산증식,2025-06-30
C00688,3,중립형,1년이하,300000,단기운용,2025-04-29
C00689,5,공격형,3-5년,800000,주택마련,2025-07-02
C00690,5,공격형,10년이상,500000,자산증식,2025-09-25
C00691,1,초저위험,1-3년,100000,주택마련,2025-03-10
C00692,4,적극형,1-3년,300000,단기운용,2025-09-18
C00693,5,공격형,10년이상,3000000,노후대비,2025-05-01
C00694,4,적극형,1-3년,3000000,노후대비,2025-10-24
C00695,2,저위험,1-3년,100000,노후대비,2025-09-21
C00696,5,공격형,3-5년,100000,노후대비,2025-03-23
C00697,4,적극형,3-5년,100000,주택마련,2025-08-24
C00698,3,중립형,1년이하,3000000,자산증식,2025-03-23
C00699,3,중립형,1년이하,500000,자산증식,2025-08-20
C00700,4,적극형,1년이하,500000,자녀교육,2025-10-10
C00701,5,공격형,1-3년,1500000,주택마련,2025-04-20
C00702,4,적극형,5-10년,500000,자산증식,2025-05-29
C00703,3,중립형,10년이상,300000,단기운용,2025-05-28
C00704,2,저위험,1년이하,100000,단기운용,2025-07-29
C00705,2,저위험,1년이하,1500000,자녀교육,2025-01-16
C00706,2,저위험,10년이상,500000,노후대비,2025-09-23
C00707,2,저위험,1년이하,1500000,단기운용,2025-04-11
C00708,3,중립형,10년이상,100000,노후대비,2025-06-07
C00709,3,중립형,1-3년,3000000,자산증식,2025-02-07
C00710,1,초저위험,1년이하,800000,주택마련,2025-06-04
C00711,4,적극형,1-3년,300000,자녀교육,2025-03-13
C00712,2,저위험,3-5년,300000,주택마련,2025-08-01
C00713,2,저위험,3-5년,300000,주택마련,2025-01-05
C00714,4,적극형,3-5년,500000,단기운용,2025-08-06
C00715,1,초저위험,1년이하,100000,노후대비,2025-03-28
C00716,2,저위험,1-3년,1500000,단기운용,2025-08-03
C00717,3,중립형,1년이하,1500000,단기운용,2025-09-23
C00718,2,저위험,5-10년,1500000,자산증식,2025-06-05
C00719,5,공격형,3-5년,800000,자녀교육,2025-05-14
C00720,3,중립형,10년이상,500000,주택마련,2025-07-17
C00721,4,적극형,10년이상,3000000,노후대비,2025-09-07
C00722,3,중립형,10년이상,800000,노후대비,2025-01-19
C00723,3,중립형,1-3년,100000,자산증식,2025-06-27
C00724,4,적극형,10년이상,100000,자산증식,2025-03-26
C00725,4,적극형,1-3년,1500000,자산증식,2025-02-21
C00726,4,적극형,1년이하,800000,단기운용,2025-09-21
C00727,5,공격형,3-5년,1500000,주택마련,2025-01-26
C00728,2,저위험,1-3년,300000,자산증식,2025-08-20
C00729,2,저위험,3-5년,500000,노후대비,2025-02-17
C00730,5,공격형,1년이하,800000,자산증식,2025-07-21
C00731,5,공격형,1-3년,800000,자녀교육,2025-02-25
C00732,3,중립형,1년이하,1500000,자녀교육,2025-04-16
C00733,2,저위험,10년이상,1500000,단기운용,2025-01-03
C00734,4,적극형,10년이상,3000000,자녀교육,2025-04-27
C00735,5,공격형,10년이상,100000,주택마련,2025-04-19
C00736,2,저위험,10년이상,800000,노후대비,2025-05-03
C00737,4,적극형,3-5년,500000,자산증식,2025-02-12
C00738,2,저위험,3-5년,1500000,자녀교육,2025-10-01
C00739,3,중립형,1년이하,800000,자산증식,2025-06-18
C00740,1,초저위험,10년이상,300000,노후대비,2025-03-25
C00741,3,중립형,10년이상,800000,노후대비,2025-02-14
C00742,1,초저위험,5-10년,3000000,주택마련,2025-07-13
C00743,4,적극형,1년이하,100000,주택마련,2025-07-16
C00744,2,저위험,3-5년,500000,자녀교육,2025-05-16
C00745,1,초저위험,10년이상,500000,노후대비,2025-05-24
C00746,2,저위험,1년이하,800000,주택마련,2025-08-25
C00747,5,공격형,1년이하,1500000,주택마련,2025-05-19
C00748,3,중립형,10년이상,500000,자녀교육,2025-02-10
C00749,2,저위험,5-10년,3000000,자산증식,2025-09-11
C00750,3,중립형,3-5년,800000,자산증식,2025-08-07
C00751,4,적극형,3-5년,500000,노후대비,2025-09-10
C00752,4,적극형,10년이상,300000,주택마련,2025-08-12
C00753,5,공격형,5-10년,100000,주택마련,2025-07-21
C00754,3,중립형,1년이하,100000,단기운용,2025-01-19
C00755,4,적극형,10년이상,300000,주택마련,2025-09-03
C00756,2,저위험,1년이하,100000,노후대비,2025-02-24
C00757,4,적극형,1년이하,800000,자산증식,2025-04-13
C00758,3,중립형,3-5년,300000,주택마련,2025-10-17
C00759,4,적극형,5-10년,3000000,자산증식,2025-04-22
C00760,5,공격형,1년이하,3000000,노후대비,2025-01-30
C00761,2,저위험,1년이하,300000,주택마련,2025-01-09
C00762,1,초저위험,3-5년,100000,단기운용,2025-03-17
C00763,3,중립형,1년이하,100000,단기운용,2025-10-01
C00764,4,적극형,5-10년,3000000,자산증식,2025-06-26
C00765,4,적극형,1년이하,3000000,단기운용,2025-02-21
C00766,3,중립형,5-10년,300000,주택마련,2025-03-20
C00767,2,저위험,10년이상,300000,주택마련,2025-06-30
C00768,2,저위험,3-5년,300000,자녀교육,2025-10-22
C00769,2,저위험,1년이하,500000,단기운용,2025-09-18
C00770,5,공격형,1-3년,800000,주택마련,2025-08-04
C00771,1,초저위험,1-3년,800000,자산증식,2025-04-23
C00772,3,중립형,1-3년,500000,주택마련,2025-01-31
C00773,5,공격형,3-5년,1500000,주택마련,2025-06-09
C00774,5,공격형,5-10년,300000,주택마련,2025-10-26
C00775,1,초저위험,1년이하,100000,단기운용,2025-08-02
C00776,3,중립형,1-3년,3000000,단기운용,2025-07-02
C00777,4,적극형,3-5년,800000,주택마련,2025-10-10
C00778,4,적극형,10년이상,300000,자녀교육,2025-07-28
C00779,4,적극형,3-5년,3000000,자녀교육,2025-08-28
C00780,3,중립형,5-10년,500000,노후대비,2025-07-06
C00781,1,초저위험,3-5년,300000,단기운용,2025-06-12
C00782,5,공격형,1-3년,500000,주택마련,2025-10-28
C00783,3,중립형,3-5년,1500000,자녀교육,2025-02-12
C00784,1,초저위험,3-5년,500000,자녀교육,2025-05-04
C00785,5,공격형,3-5년,100000,자산증식,2025-02-11
C00786,5,공격형,1년이하,800000,자녀교육,2025-01-06
C00787,2,저위험,1-3년,500000,노후대비,2025-02-04
C00788,2,저위험,1-3년,3000000,노후대비,2025-03-13
C00789,5,공격형,1-3년,500000,자녀교육,2025-06-17
C00790,2,저위험,1년이하,1500000,자녀교육,2025-09-29
C00791,2,저위험,5-10년,100000,주택마련,2025-06-11
C00792,3,중립형,5-10년,800000,노후대비,2025-07-08
C00793,1,초저위험,3-5년,300000,단기운용,2025-10-06
C00794,2,저위험,1년이하,500000,주택마련,2025-04-18
C00795,2,저위험,3-5년,800000,주택마련,2025-09-25
C00796,4,적극형,1-3년,300000,자산증식,2025-10-27
C00797,3,중립형,1년이하,300000,단기운용,2025-10-28
C00798,3,중립형,3-5년,1500000,자산증식,2025-06-28
C00799,2,저위험,5-10년,300000,자녀교육,2025-03-01
C00800,5,공격형,10년이상,100000,단기운용,2025-07-31
C00801,4,적극형,1-3년,800000,주택마련,2025-07-11
C00802,2,저위험,5-10년,3000000,자녀교육,2025-10-18
C00803,3,중립형,5-10년,300000,주택마련,2025-04-30
C00804,4,적극형,5-10년,100000,자산증식,2025-03-06
C00805,4,적극형,5-10년,800000,단기운용,2025-05-23
C00806,1,초저위험,1년이하,100000,주택마련,2025-04-25
C00807,1,초저위험,5-10년,100000,자녀교육,2025-03-18
C00808,4,적극형,10년이상,300000,자산증식,2025-03-12
C00809,2,저위험,3-5년,800000,자녀교육,2025-05-31
C00810,2,저위험,10년이상,500000,주택마련,2025-08-08
C00811,4,적극형,5-10년,1500000,주택마련,2025-09-06
C00812,4,적극형,1-3년,3000000,자산증식,2025-02-03
C00813,1,초저위험,10년이상,800000,자산증식,2025-03-15
C00814,1,초저위험,3-5년,800000,자녀교육,2025-09-07
C00815,3,중립형,5-10년,500000,자녀교육,2025-06-25
C00816,1,초저위험,10년이상,500000,자녀교육,2025-04-07
C00817,1,초저위험,1-3년,100000,자녀교육,2025-09-18
C00818,2,저위험,1년이하,800000,자산증식,2025-01-05
C00819,2,저위험,1년이하,300000,자산증식,2025-09-10
C00820,1,초저위험,1년이하,800000,자녀교육,2025-06-23
C00821,5,공격형,3-5년,500000,자녀교육,2025-08-27
C00822,4,적극형,3-5년,3000000,주택마련,2025-04-26
C00823,5,공격형,10년이상,100000,주택마련,2025-03-30
C00824,2,저위험,5-10년,300000,주택마련,2025-07-07
C00825,2,저위험,10년이상,1500000,자산증식,2025-05-04
C00826,1,초저위험,10년이상,500000,자녀교육,2025-09-20
C00827,3,중립형,1-3년,800000,주택마련,2025-10-10
C00828,2,저위험,1-3년,3000000,자산증식,2025-03-26
C00829,3,중립형,1-3년,300000,단기운용,2025-10-14
C00830,4,적극형,10년이상,300000,자산증식,2025-09-03
C00831,2,저위험,1-3년,800000,노후대비,2025-05-26
C00832,4,적극형,5-10년,3000000,단기운용,2025-08-02
C00833,4,적극형,10년이상,3000000,주택마련,2025-03-29
C00834,3,중립형,10년이상,800000,주택마련,2025-10-22
C00835,4,적극형,10년이상,100000,자산증식,2025-03-02
C00836,2,저위험,10년이상,100000,노후대비,2025-07-21
C00837,5,공격형,10년이상,300000,자산증식,2025-07-30
C00838,2,저위험,5-10년,800000,단기운용,2025-01-18
C00839,2,저위험,10년이상,1500000,자녀교육,2025-02-15
C00840,5,공격형,10년이상,1500000,주택마련,2025-05-09
C00841,5,공격형,1-3년,100000,자산증식,2025-01-07
C00842,2,저위험,1년이하,800000,자산증식,2025-03-15
C00843,2,저위험,3-5년,100000,단기운용,2025-02-03
C00844,3,중립형,3-5년,1500000,노후대비,2025-10-26
C00845,4,적극형,5-10년,300000,주택마련,2025-08-09
C00846,1,초저위험,5-10년,300000,주택마련,2025-06-04
C00847,2,저위험,3-5년,3000000,노후대비,2025-06-30
C00848,3,중립형,1년이하,500000,자산증식,2025-02-06
C00849,1,초저위험,5-10년,800000,노후대비,2025-08-01
C00850,2,저위험,10년이상,500000,주택마련,2025-08-23
C00851,4,적극형,1년이하,100000,노후대비,2025-06-26
C00852,3,중립형,1년이하,3000000,자산증식,2025-05-16
C00853,1,초저위험,1년이하,100000,자녀교육,2025-01-16
C00854,5,공격형,5-10년,100000,주택마련,2025-07-05
C00855,5,공격형,3-5년,100000,단기운용,2025-01-17
C00856,2,저위험,3-5년,800000,단기운용,2025-03-15
C00857,3,중립형,1-3년,3000000,단기운용,2025-02-13
C00858,2,저위험,1-3년,1500000,단기운용,2025-02-12
C00859,3,중립형,1-3년,500000,단기운용,2025-01-26
C00860,4,적극형,3-5년,100000,노후대비,2025-01-27
C00861,4,적극형,1-3년,100000,주택마련,2025-06-18
C00862,5,공격형,1-3년,500000,노후대비,2025-08-14
C00863,1,초저위험,5-10년,1500000,주택마련,2025-08-09
C00864,4,적극형,10년이상,1500000,노후대비,2025-03-06
C00865,1,초저위험,10년이상,800000,자녀교육,2025-08-25
C00866,4,적극형,1년이하,500000,자산증식,2025-02-27
C00867,3,중립형,5-10년,1500000,자녀교육,2025-09-28
C00868,2,저위험,5-10년,500000,주택마련,2025-07-22
C00869,4,적극형,10년이상,3000000,자산증식,2025-05-31
C00870,4,적극형,1-3년,1500000,노후대비,2025-05-24
C00871,2,저위험,1년이하,3000000,단기운용,2025-08-23
C00872,2,저위험,10년이상,1500000,단기운용,2025-08-03
C00873,5,공격형,1년이하,300000,단기운용,2025-06-08
C00874,5,공격형,3-5년,500000,자녀교육,2025-02-02
C00875,5,공격형,5-10년,300000,자산증식,2025-10-22
C00876,2,저위험,5-10년,100000,자녀교육,2025-08-06
C00877,1,초저위험,1년이하,3000000,자녀교육,2025-01-18
C00878,3,중립형,5-10년,300000,단기운용,2025-04-16
C00879,1,초저위험,5-10년,300000,단기운용,2025-05-11
C00880,1,초저위험,5-10년,300000,단기운용,2025-05-11
C00881,1,초저위험,1-3년,100000,단기운용,2025-01-03
C00882,3,중립형,10년이상,100000,자녀교육,2025-09-13
C00883,4,적극형,10년이상,1500000,단기운용,2025-07-13
C00884,5,공격형,3-5년,3000000,노후대비,2025-09-16
C00885,2,저위험,5-10년,500000,단기운용,2025-04-01
C00886,3,중립형,1년이하,100000,노후대비,2025-10-02
C00887,5,공격형,5-10년,100000,단기운용,2025-07-30
C00888,1,초저위험,1-3년,800000,자산증식,2025-05-08
C00889,3,중립형,10년이상,800000,주택마련,2025-09-13
C00890,1,초저위험,10년이상,800000,주택마련,2025-06-08
C00891,5,공격형,1-3년,300000,주택마련,2025-10-20
C00892,2,저위험,5-10년,800000,노후대비,2025-10-04
C00893,1,초저위험,10년이상,800000,자녀교육,2025-07-22
C00894,1,초저위험,10년이상,100000,자산증식,2025-03-12
C00895,1,초저위험,1-3년,100000,주택마련,2025-08-31
C00896,2,저위험,5-10년,3000000,주택마련,2025-05-08
C00897,3,중립형,10년이상,500000,자산증식,2025-06-10
C00898,2,저위험,3-5년,3000000,노후대비,2025-09-02
C00899,3,중립형,1-3년,1500000,주택마련,2025-10-28
C00900,2,저위험,5-10년,300000,단기운용,2025-07-29
C00901,3,중립형,1-3년,3000000,자녀교육,2025-02-28
C00902,4,적극형,5-10년,100000,자산증식,2025-08-06
C00903,4,적극형,5-10년,3000000,주택마련,2025-08-03
C00904,3,중립형,3-5년,1500000,단기운용,2025-07-26
C00905,3,중립형,5-10년,1500000,자녀교육,2025-07-11
C00906,2,저위험,1-3년,3000000,자산증식,2025-06-28
C00907,3,중립형,5-10년,300000,자산증식,2025-10-24
C00908,2,저위험,3-5년,500000,자녀교육,2025-08-17
C00909,1,초저위험,1-3년,100000,자산증식,2025-03-13
C00910,1,초저위험,10년이상,300000,단기운용,2025-09-19
C00911,4,적극형,1년이하,100000,노후대비,2025-09-02
C00912,1,초저위험,1년이하,800000,자녀교육,2025-04-03
C00913,1,초저위험,1-3년,800000,노후대비,2025-08-11
C00914,3,중립형,1년이하,1500000,주택마련,2025-03-20
C00915,1,초저위험,3-5년,3000000,노후대비,2025-06-17
C00916,2,저위험,10년이상,500000,단기운용,2025-04-20
C00917,5,공격형,5-10년,100000,주택마련,2025-02-08
C00918,5,공격형,5-10년,800000,단기운용,2025-06-25
C00919,5,공격형,1-3년,300000,자녀교육,2025-07-02
C00920,3,중립형,3-5년,800000,단기운용,2025-10-03
C00921,3,중립형,5-10년,800000,주택마련,2025-04-03
C00922,2,저위험,1-3년,800000,단기운용,2025-03-22
C00923,4,적극형,10년이상,800000,노후대비,2025-05-31
C00924,5,공격형,1년이하,800000,주택마련,2025-04-01
C00925,3,중립형,5-10년,300000,단기운용,2025-01-07
C00926,5,공격형,3-5년,1500000,단기운용,2025-08-18
C00927,4,적극형,5-10년,300000,자산증식,2025-05-16
C00928,2,저위험,5-10년,300000,자산증식,2025-08-28
C00929,4,적극형,1-3년,3000000,단기운용,2025-09-21
C00930,5,공격형,1-3년,1500000,자녀교육,2025-10-02
C00931,2,저위험,3-5년,800000,자산증식,2025-03-23
C00932,4,적극형,1-3년,300000,단기운용,2025-08-20
C00933,1,초저위험,10년이상,1500000,단기운용,2025-01-19
C00934,5,공격형,3-5년,500000,자산증식,2025-02-27
C00935,5,공격형,1-3년,300000,자산증식,2025-03-04
C00936,2,저위험,10년이상,300000,주택마련,2025-08-08
C00937,4,적극형,3-5년,500000,주택마련,2025-10-04
C00938,1,초저위험,1년이하,300000,자녀교육,2025-03-04
C00939,3,중립형,1년이하,800000,자녀교육,2025-01-17
C00940,3,중립형,5-10년,500000,노후대비,2025-08-10
C00941,5,공격형,1-3년,500000,노후대비,2025-09-21
C00942,1,초저위험,5-10년,800000,자산증식,2025-07-23
C00943,5,공격형,5-10년,1500000,자산증식,2025-05-17
C00944,3,중립형,5-10년,500000,자산증식,2025-01-06
C00945,3,중립형,1-3년,100000,자녀교육,2025-10-28
C00946,5,공격형,1년이하,800000,주택마련,2025-07-19
C00947,4,적극형,1-3년,300000,단기운용,2025-06-07
C00948,3,중립형,10년이상,300000,자산증식,2025-08-29
C00949,4,적극형,3-5년,1500000,자녀교육,2025-04-12
C00950,1,초저위험,1-3년,800000,자녀교육,2025-09-18
C00951,3,중립형,10년이상,1500000,주택마련,2025-10-28
C00952,3,중립형,10년이상,300000,단기운용,2025-10-03
C00953,2,저위험,1년이하,300000,주택마련,2025-05-09
C00954,4,적극형,1-3년,100000,자산증식,2025-01-16
C00955,4,적극형,3-5년,800000,노후대비,2025-06-02
C00956,5,공격형,1년이하,1500000,단기운용,2025-10-13
C00957,4,적극형,10년이상,3000000,단기운용,2025-06-09
C00958,5,공격형,1-3년,100000,자녀교육,2025-06-11
C00959,3,중립형,10년이상,500000,자녀교육,2025-08-25
C00960,2,저위험,3-5년,500000,자산증식,2025-01-23
C00961,3,중립형,5-10년,300000,자산증식,2025-01-06
C00962,4,적극형,5-10년,300000,자녀교육,2025-08-30
C00963,5,공격형,5-10년,500000,주택마련,2025-01-29
C00964,5,공격형,10년이상,3000000,자산증식,2025-04-28
C00965,3,중립형,10년이상,800000,주택마련,2025-03-10
C00966,4,적극형,1년이하,100000,주택마련,2025-06-06
C00967,4,적극형,1년이하,300000,자산증식,2025-07-28
C00968,5,공격형,1년이하,100000,단기운용,2025-06-22
C00969,2,저위험,5-10년,1500000,노후대비,2025-06-18
C00970,3,중립형,1-3년,3000000,단기운용,2025-10-07
C00971,5,공격형,1-3년,300000,자산증식,2025-06-02
C00972,3,중립형,5-10년,800000,주택마련,2025-05-02
C00973,1,초저위험,1년이하,300000,노후대비,2025-03-02
C00974,5,공격형,1년이하,300000,자녀교육,2025-08-28
C00975,1,초저위험,1-3년,3000000,노후대비,2025-02-02
C00976,3,중립형,3-5년,500000,자녀교육,2025-06-29
C00977,5,공격형,3-5년,800000,단기운용,2025-04-24
C00978,1,초저위험,5-10년,1500000,자녀교육,2025-01-17
C00979,3,중립형,5-10년,100000,주택마련,2025-04-02
C00980,2,저위험,5-10년,1500000,단기운용,2025-01-19
C00981,4,적극형,5-10년,3000000,단기운용,2025-01-14
C00982,4,적극형,1년이하,100000,노후대비,2025-05-05
C00983,5,공격형,5-10년,1500000,노후대비,2025-06-27
C00984,3,중립형,10년이상,800000,주택마련,2025-05-10
C00985,2,저위험,10년이상,3000000,노후대비,2025-05-12
C00986,5,공격형,5-10년,1500000,단기운용,2025-01-13
C00987,5,공격형,10년이상,3000000,자산증식,2025-03-11
C00988,4,적극형,1년이하,500000,노후대비,2025-09-01
C00989,3,중립형,1-3년,500000,단기운용,2025-08-22
C00990,5,공격형,1년이하,100000,단기운용,2025-02-19
C00991,5,공격형,3-5년,1500000,주택마련,2025-07-03
C00992,1,초저위험,1년이하,800000,자산증식,2025-07-10
C00993,1,초저위험,1년이하,3000000,노후대비,2025-02-14
C00994,3,중립형,5-10년,800000,자녀교육,2025-09-23
C00995,4,적극형,1년이하,800000,단기운용,2025-09-07
C00996,3,중립형,3-5년,1500000,주택마련,2025-03-12
C00997,4,적극형,1년이하,3000000,자녀교육,2025-10-03
C00998,2,저위험,10년이상,100000,자산증식,2025-09-15
C00999,1,초저위험,1년이하,300000,자산증식,2025-05-28
C01000,1,초저위험,10년이상,300000,자산증식,2025-05-25
C01001,5,공격형,3-5년,1500000,자산증식,2025-07-29
C01002,2,저위험,3-5년,1500000,자산증식,2025-03-04
C01003,5,공격형,10년이상,3000000,노후대비,2025-07-16
C01004,2,저위험,5-10년,3000000,자산증식,2025-06-01
C01005,3,중립형,10년이상,300000,노후대비,2025-10-17
C01006,5,공격형,3-5년,100000,노후대비,2025-07-01
C01007,5,공격형,5-10년,800000,단기운용,2025-04-03
C01008,4,적극형,5-10년,800000,주택마련,2025-07-04
C01009,3,중립형,3-5년,3000000,노후대비,2025-08-27
C01010,3,중립형,10년이상,300000,노후대비,2025-07-23
C01011,5,공격형,10년이상,500000,주택마련,2025-10-10
C01012,4,적극형,5-10년,800000,자녀교육,2025-08-25
C01013,1,초저위험,5-10년,3000000,자녀교육,2025-04-03
C01014,4,적극형,1-3년,800000,단기운용,2025-01-31
C01015,4,적극형,1-3년,1500000,자산증식,2025-10-20
C01016,1,초저위험,10년이상,100000,자산증식,2025-04-09
C01017,3,중립형,1년이하,500000,자산증식,2025-07-18
C01018,5,공격형,5-10년,800000,자산증식,2025-04-01
C01019,2,저위험,10년이상,800000,주택마련,2025-04-04
C01020,3,중립형,5-10년,500000,단기운용,2025-09-07
C01021,3,중립형,1-3년,500000,주택마련,2025-04-30
C01022,5,공격형,5-10년,3000000,자녀교육,2025-04-19
C01023,5,공격형,5-10년,100000,노후대비,2025-02-03
C01024,2,저위험,5-10년,800000,자산증식,2025-08-08
C01025,3,중립형,3-5년,300000,자녀교육,2025-09-22
C01026,4,적극형,5-10년,100000,노후대비,2025-03-02
C01027,3,중립형,1-3년,300000,단기운용,2025-06-04
C01028,4,적극형,3-5년,100000,단기운용,2025-01-13
C01029,5,공격형,10년이상,3000000,자산증식,2025-07-24
C01030,5,공격형,10년이상,500000,단기운용,2025-09-04
C01031,4,적극형,5-10년,800000,자녀교육,2025-02-24
C01032,1,초저위험,3-5년,800000,주택마련,2025-06-26
C01033,1,초저위험,1년이하,800000,노후대비,2025-02-25
C01034,5,공격형,3-5년,800000,주택마련,2025-08-23
C01035,2,저위험,10년이상,100000,단기운용,2025-05-17
C01036,3,중립형,5-10년,800000,주택마련,2025-05-19
C01037,2,저위험,3-5년,1500000,노후대비,2025-09-27
C01038,5,공격형,1-3년,3000000,단기운용,2025-08-24
C01039,5,공격형,5-10년,100000,주택마련,2025-03-06
C01040,1,초저위험,1-3년,500000,단기운용,2025-01-02
C01041,5,공격형,10년이상,1500000,자산증식,2025-05-07
C01042,1,초저위험,1-3년,800000,단기운용,2025-06-27
C01043,2,저위험,1년이하,3000000,주택마련,2025-06-30
C01044,2,저위험,1년이하,3000000,주택마련,2025-04-29
C01045,1,초저위험,10년이상,1500000,자산증식,2025-07-20
C01046,2,저위험,10년이상,500000,노후대비,2025-03-23
C01047,1,초저위험,1-3년,300000,주택마련,2025-03-06
C01048,5,공격형,10년이상,1500000,노후대비,2025-02-12
C01049,5,공격형,3-5년,300000,단기운용,2025-09-23
C01050,4,적극형,1-3년,300000,노후대비,2025-01-14
C01051,5,공격형,5-10년,3000000,단기운용,2025-08-09
C01052,1,초저위험,1-3년,100000,자녀교육,2025-07-06
C01053,3,중립형,3-5년,500000,노후대비,2025-09-04
C01054,1,초저위험,3-5년,100000,자산증식,2025-09-13
C01055,3,중립형,3-5년,800000,자산증식,2025-04-24
C01056,2,저위험,1-3년,3000000,자녀교육,2025-09-29
C01057,2,저위험,10년이상,300000,단기운용,2025-04-23
C01058,1,초저위험,1-3년,1500000,주택마련,2025-03-22
C01059,4,적극형,1년이하,800000,노후대비,2025-08-15
C01060,2,저위험,10년이상,3000000,자녀교육,2025-06-06
C01061,3,중립형,3-5년,1500000,단기운용,2025-03-15
C01062,3,중립형,5-10년,3000000,주택마련,2025-06-27
C01063,4,적극형,5-10년,3000000,주택마련,2025-02-17
C01064,5,공격형,5-10년,1500000,노후대비,2025-06-23
C01065,2,저위험,1-3년,1500000,자산증식,2025-04-28
C01066,4,적극형,10년이상,100000,자산증식,2025-06-19
C01067,1,초저위험,1년이하,800000,주택마련,2025-08-04
C01068,2,저위험,1-3년,800000,자녀교육,2025-03-17
C01069,5,공격형,1년이하,1500000,자녀교육,2025-05-24
C01070,2,저위험,3-5년,300000,노후대비,2025-08-21
C01071,1,초저위험,3-5년,3000000,자산증식,2025-06-09
C01072,4,적극형,5-10년,500000,자녀교육,2025-08-28
C01073,1,초저위험,10년이상,1500000,자녀교육,2025-09-12
C01074,4,적극형,3-5년,3000000,노후대비,2025-04-06
C01075,4,적극형,1년이하,500000,노후대비,2025-08-02
C01076,2,저위험,1년이하,800000,노후대비,2025-08-07
C01077,5,공격형,10년이상,3000000,노후대비,2025-01-03
C01078,5,공격형,10년이상,3000000,자산증식,2025-05-07
C01079,2,저위험,5-10년,100000,단기운용,2025-09-15
C01080,5,공격형,1년이하,100000,단기운용,2025-04-08
C01081,3,중립형,10년이상,100000,단기운용,2025-07-06
C01082,2,저위험,3-5년,300000,주택마련,2025-07-07
C01083,2,저위험,3-5년,800000,주택마련,2025-06-14
C01084,1,초저위험,1년이하,1500000,노후대비,2025-09-19
C01085,1,초저위험,10년이상,800000,주택마련,2025-07-15
C01086,2,저위험,10년이상,500000,주택마련,2025-01-11
C01087,5,공격형,1년이하,300000,자산증식,2025-01-14
C01088,1,초저위험,1-3년,500000,주택마련,2025-04-30
C01089,4,적극형,1년이하,800000,노후대비,2025-03-23
C01090,4,적극형,1-3년,500000,자산증식,2025-07-29
C01091,3,중립형,1-3년,100000,자산증식,2025-02-01
C01092,1,초저위험,1년이하,500000,자산증식,2025-09-11
C01093,3,중립형,1년이하,300000,단기운용,2025-08-17
C01094,3,중립형,1년이하,3000000,노후대비,2025-03-01
C01095,3,중립형,1년이하,800000,단기운용,2025-06-11
C01096,2,저위험,3-5년,3000000,자산증식,2025-10-10
C01097,3,중립형,3-5년,1500000,자산증식,2025-09-03
C01098,1,초저위험,1년이하,300000,주택마련,2025-10-11
C01099,1,초저위험,1-3년,500000,자산증식,2025-02-04
C01100,1,초저위험,3-5년,100000,자녀교육,2025-06-22
C01101,2,저위험,1년이하,1500000,자녀교육,2025-04-11
C01102,4,적극형,3-5년,1500000,노후대비,2025-05-20
C01103,4,적극형,5-10년,500000,자녀교육,2025-02-26
C01104,1,초저위험,3-5년,500000,자산증식,2025-01-26
C01105,2,저위험,3-5년,3000000,단기운용,2025-02-25
C01106,4,적극형,3-5년,100000,단기운용,2025-02-07
C01107,2,저위험,3-5년,1500000,자산증식,2025-09-17
C01108,1,초저위험,10년이상,300000,주택마련,2025-08-16
C01109,1,초저위험,10년이상,800000,단기운용,2025-06-20
C01110,2,저위험,1년이하,1500000,노후대비,2025-03-05
C01111,5,공격형,5-10년,800000,단기운용,2025-06-09
C01112,2,저위험,1년이하,1500000,단기운용,2025-04-28
C01113,4,적극형,5-10년,800000,자산증식,2025-05-24
C01114,3,중립형,1년이하,1500000,자산증식,2025-10-05
C01115,5,공격형,5-10년,100000,자산증식,2025-05-29
C01116,3,중립형,1년이하,1500000,주택마련,2025-09-19
C01117,4,적극형,10년이상,500000,자산증식,2025-05-06
C01118,2,저위험,5-10년,300000,자산증식,2025-04-29
C01119,4,적극형,10년이상,100000,자산증식,2025-05-08
C01120,2,저위험,10년이상,800000,주택마련,2025-06-13
C01121,1,초저위험,1-3년,800000,주택마련,2025-01-02
C01122,3,중립형,10년이상,500000,자산증식,2025-07-06
C01123,5,공격형,5-10년,1500000,노후대비,2025-01-03
C01124,4,적극형,1-3년,500000,단기운용,2025-02-21
C01125,3,중립형,1년이하,100000,자산증식,2025-06-15
C01126,1,초저위험,1-3년,500000,자녀교육,2025-04-06
C01127,4,적극형,3-5년,500000,노후대비,2025-10-04
C01128,3,중립형,10년이상,500000,주택마련,2025-07-24
C01129,1,초저위험,5-10년,100000,자산증식,2025-06-02
C01130,3,중립형,1년이하,500000,자녀교육,2025-05-10
C01131,3,중립형,5-10년,300000,노후대비,2025-10-11
C01132,2,저위험,10년이상,300000,자산증식,2025-08-27
C01133,3,중립형,5-10년,1500000,자산증식,2025-05-17
C01134,1,초저위험,1-3년,500000,주택마련,2025-05-21
C01135,2,저위험,10년이상,500000,노후대비,2025-04-15
C01136,4,적극형,10년이상,3000000,주택마련,2025-01-08
C01137,3,중립형,3-5년,300000,주택마련,2025-09-09
C01138,4,적극형,10년이상,1500000,주택마련,2025-06-25
C01139,2,저위험,1년이하,1500000,자산증식,2025-10-20
C01140,5,공격형,1년이하,1500000,자녀교육,2025-01-14
C01141,3,중립형,1-3년,300000,단기운용,2025-01-03
C01142,5,공격형,1년이하,500000,자녀교육,2025-08-23
C01143,5,공격형,5-10년,1500000,주택마련,2025-02-12
C01144,3,중립형,1년이하,3000000,주택마련,2025-01-24
C01145,5,공격형,10년이상,300000,노후대비,2025-08-04
C01146,3,중립형,5-10년,800000,노후대비,2025-01-24
C01147,3,중립형,10년이상,1500000,단기운용,2025-06-08
C01148,1,초저위험,10년이상,100000,자산증식,2025-09-21
C01149,5,공격형,1-3년,100000,자녀교육,2025-04-06
C01150,1,초저위험,3-5년,300000,노후대비,2025-04-08
C01151,2,저위험,1-3년,800000,자산증식,2025-01-04
C01152,1,초저위험,1-3년,3000000,자녀교육,2025-05-30
C01153,4,적극형,3-5년,300000,노후대비,2025-09-05
C01154,5,공격형,1-3년,100000,노후대비,2025-04-26
C01155,1,초저위험,3-5년,800000,단기운용,2025-05-02
C01156,5,공격형,1년이하,1500000,자녀교육,2025-07-16
C01157,3,중립형,1-3년,300000,노후대비,2025-07-02
C01158,3,중립형,1년이하,1500000,노후대비,2025-02-27
C01159,3,중립형,1년이하,1500000,노후대비,2025-04-08
C01160,5,공격형,10년이상,100000,노후대비,2025-10-06
C01161,1,초저위험,5-10년,300000,자녀교육,2025-03-11
C01162,2,저위험,10년이상,500000,단기운용,2025-03-10
C01163,5,공격형,5-10년,1500000,노후대비,2025-09-20
C01164,4,적극형,1년이하,800000,자산증식,2025-02-04
C01165,4,적극형,5-10년,100000,단기운용,2025-08-25
C01166,2,저위험,5-10년,1500000,주택마련,2025-05-20
C01167,4,적극형,3-5년,300000,자산증식,2025-01-29
C01168,4,적극형,1-3년,3000000,단기운용,2025-04-16
C01169,1,초저위험,5-10년,1500000,단기운용,2025-08-02
C01170,3,중립형,1-3년,1500000,노후대비,2025-02-09
C01171,4,적극형,1년이하,500000,자녀교육,2025-06-30
C01172,5,공격형,10년이상,800000,자산증식,2025-04-19
C01173,3,중립형,3-5년,300000,노후대비,2025-03-29
C01174,4,적극형,3-5년,300000,자녀교육,2025-09-19
C01175,2,저위험,5-10년,3000000,주택마련,2025-09-19
C01176,1,초저위험,3-5년,1500000,노후대비,2025-06-26
C01177,1,초저위험,3-5년,500000,단기운용,2025-05-20
C01178,5,공격형,3-5년,100000,자녀교육,2025-07-01
C01179,1,초저위험,1년이하,300000,자녀교육,2025-02-07
C01180,3,중립형,10년이상,1500000,단기운용,2025-10-20
C01181,2,저위험,1-3년,1500000,단기운용,2025-10-08
C01182,2,저위험,10년이상,500000,자산증식,2025-08-01
C01183,3,중립형,10년이상,3000000,자산증식,2025-06-28
C01184,5,공격형,10년이상,300000,자산증식,2025-04-01
C01185,4,적극형,1-3년,3000000,단기운용,2025-01-12
C01186,5,공격형,5-10년,800000,자산증식,2025-09-23
C01187,1,초저위험,3-5년,500000,자녀교육,2025-01-28
C01188,5,공격형,1년이하,1500000,노후대비,2025-01-09
C01189,5,공격형,1-3년,800000,자산증식,2025-05-29
C01190,4,적극형,5-10년,1500000,단기운용,2025-04-19
C01191,2,저위험,3-5년,800000,노후대비,2025-03-01
C01192,1,초저위험,1-3년,100000,자녀교육,2025-06-29
C01193,2,저위험,3-5년,300000,노후대비,2025-03-12
C01194,5,공격형,5-10년,300000,자녀교육,2025-02-23
C01195,5,공격형,5-10년,100000,노후대비,2025-10-04
C01196,5,공격형,10년이상,3000000,노후대비,2025-04-24
C01197,5,공격형,3-5년,300000,자산증식,2025-09-02
C01198,1,초저위험,3-5년,3000000,단기운용,2025-04-03
C01199,3,중립형,3-5년,500000,자녀교육,2025-06-19
C01200,3,중립형,3-5년,500000,노후대비,2025-04-10
C01201,4,적극형,1-3년,3000000,자산증식,2025-10-21
C01202,1,초저위험,1년이하,800000,주택마련,2025-01-26
C01203,1,초저위험,3-5년,800000,단기운용,2025-07-12
C01204,2,저위험,5-10년,100000,자산증식,2025-07-08
C01205,1,초저위험,10년이상,500000,자녀교육,2025-10-03
C01206,4,적극형,1년이하,3000000,주택마련,2025-01-23
C01207,1,초저위험,5-10년,100000,자산증식,2025-09-13
C01208,3,중립형,1-3년,300000,자녀교육,2025-08-29
C01209,3,중립형,3-5년,800000,주택마련,2025-06-08
C01210,2,저위험,1-3년,3000000,자녀교육,2025-02-07
C01211,1,초저위험,10년이상,300000,자산증식,2025-06-24
C01212,4,적극형,1-3년,100000,자산증식,2025-04-05
C01213,4,적극형,1년이하,300000,자녀교육,2025-06-11
C01214,4,적극형,3-5년,3000000,노후대비,2025-02-12
C01215,3,중립형,1년이하,1500000,노후대비,2025-07-13
C01216,5,공격형,3-5년,100000,노후대비,2025-09-23
C01217,3,중립형,5-10년,800000,자녀교육,2025-09-24
C01218,5,공격형,10년이상,100000,단기운용,2025-08-15
C01219,5,공격형,10년이상,500000,단기운용,2025-04-22
C01220,1,초저위험,10년이상,300000,단기운용,2025-04-02
C01221,2,저위험,10년이상,1500000,자산증식,2025-02-04
C01222,2,저위험,10년이상,300000,자산증식,2025-06-01
C01223,3,중립형,1-3년,100000,단기운용,2025-10-17
C01224,3,중립형,10년이상,800000,주택마련,2025-02-19
C01225,1,초저위험,10년이상,3000000,노후대비,2025-07-26
C01226,3,중립형,5-10년,500000,단기운용,2025-10-07
C01227,5,공격형,5-10년,3000000,노후대비,2025-09-05
C01228,2,저위험,5-10년,800000,자산증식,2025-05-15
C01229,4,적극형,1-3년,3000000,자산증식,2025-09-22
C01230,4,적극형,1-3년,800000,단기운용,2025-04-09
C01231,4,적극형,1-3년,3000000,단기운용,2025-02-22
C01232,1,초저위험,5-10년,300000,자산증식,2025-06-20
C01233,1,초저위험,10년이상,3000000,자녀교육,2025-05-19
C01234,4,적극형,5-10년,500000,자산증식,2025-09-24
C01235,5,공격형,5-10년,100000,노후대비,2025-05-03
C01236,5,공격형,3-5년,300000,주택마련,2025-01-03
C01237,5,공격형,3-5년,100000,자녀교육,2025-07-21
C01238,1,초저위험,5-10년,800000,자녀교육,2025-09-30
C01239,5,공격형,3-5년,1500000,자녀교육,2025-10-07
C01240,4,적극형,1-3년,3000000,노후대비,2025-10-11
C01241,2,저위험,1-3년,100000,자녀교육,2025-04-01
C01242,2,저위험,10년이상,1500000,자산증식,2025-09-19
C01243,4,적극형,5-10년,3000000,단기운용,2025-04-04
C01244,4,적극형,3-5년,100000,자녀교육,2025-04-02
C01245,3,중립형,10년이상,300000,주택마련,2025-01-19
C01246,1,초저위험,1년이하,300000,주택마련,2025-07-24
C01247,2,저위험,1-3년,300000,자녀교육,2025-01-11
C01248,3,중립형,1년이하,500000,주택마련,2025-09-20
C01249,3,중립형,10년이상,3000000,단기운용,2025-02-11
C01250,3,중립형,10년이상,800000,노후대비,2025-01-19
C01251,4,적극형,10년이상,500000,자산증식,2025-05-03
C01252,5,공격형,3-5년,3000000,자녀교육,2025-05-21
C01253,2,저위험,1-3년,800000,자녀교육,2025-03-21
C01254,5,공격형,1-3년,300000,단기운용,2025-04-18
C01255,4,적극형,3-5년,1500000,자산증식,2025-08-14
C01256,1,초저위험,3-5년,100000,주택마련,2025-01-27
C01257,3,중립형,3-5년,100000,노후대비,2025-05-09
C01258,1,초저위험,1-3년,500000,자녀교육,2025-09-16
C01259,3,중립형,5-10년,800000,단기운용,2025-02-05
C01260,3,중립형,5-10년,100000,자녀교육,2025-03-02
C01261,3,중립형,1년이하,3000000,주택마련,2025-08-26
C01262,4,적극형,3-5년,800000,단기운용,2025-07-22
C01263,3,중립형,3-5년,300000,주택마련,2025-10-25
C01264,3,중립형,3-5년,300000,노후대비,2025-06-03
C01265,2,저위험,10년이상,1500000,자녀교육,2025-01-18
C01266,3,중립형,1-3년,100000,자녀교육,2025-09-18
C01267,1,초저위험,5-10년,300000,주택마련,2025-09-20
C01268,5,공격형,1-3년,3000000,노후대비,2025-05-13
C01269,1,초저위험,5-10년,800000,노후대비,2025-02-14
C01270,4,적극형,1-3년,300000,자녀교육,2025-10-10
C01271,2,저위험,1-3년,100000,노후대비,2025-10-26
C01272,2,저위험,10년이상,800000,주택마련,2025-07-11
C01273,1,초저위험,3-5년,800000,노후대비,2025-07-23
C01274,4,적극형,1년이하,3000000,자산증식,2025-01-22
C01275,2,저위험,5-10년,100000,단기운용,2025-02-01
C01276,2,저위험,3-5년,100000,노후대비,2025-10-04
C01277,2,저위험,3-5년,3000000,자산증식,2025-01-18
C01278,4,적극형,5-10년,300000,자녀교육,2025-09-19
C01279,3,중립형,1-3년,100000,노후대비,2025-01-05
C01280,2,저위험,5-10년,500000,주택마련,2025-05-14
C01281,4,적극형,1-3년,300000,노후대비,2025-03-17
C01282,4,적극형,1-3년,1500000,자녀교육,2025-05-06
C01283,3,중립형,1-3년,3000000,단기운용,2025-07-12
C01284,1,초저위험,1년이하,300000,자녀교육,2025-09-14
C01285,5,공격형,1-3년,500000,자산증식,2025-09-06
C01286,3,중립형,10년이상,100000,자녀교육,2025-07-09
C01287,1,초저위험,10년이상,300000,노후대비,2025-07-30
C01288,1,초저위험,3-5년,800000,자녀교육,2025-10-01
C01289,2,저위험,10년이상,800000,주택마련,2025-05-20
C01290,1,초저위험,10년이상,500000,자녀교육,2025-02-10
C01291,5,공격형,1년이하,3000000,자산증식,2025-09-23
C01292,3,중립형,3-5년,1500000,자산증식,2025-07-05
C01293,1,초저위험,1-3년,100000,단기운용,2025-10-13
C01294,3,중립형,1-3년,500000,노후대비,2025-07-10
C01295,1,초저위험,10년이상,500000,주택마련,2025-07-09
C01296,2,저위험,1-3년,1500000,단기운용,2025-03-21
C01297,1,초저위험,10년이상,100000,자산증식,2025-04-23
C01298,3,중립형,3-5년,800000,주택마련,2025-02-14
C01299,2,저위험,1년이하,1500000,자산증식,2025-07-29
C01300,4,적극형,1-3년,100000,주택마련,2025-08-20
C01301,3,중립형,1-3년,1500000,주택마련,2025-04-29
C01302,2,저위험,3-5년,800000,자녀교육,2025-05-25
C01303,2,저위험,3-5년,1500000,주택마련,2025-03-28
C01304,1,초저위험,3-5년,1500000,주택마련,2025-10-11
C01305,1,초저위험,10년이상,1500000,자녀교육,2025-09-09
C01306,2,저위험,10년이상,100000,주택마련,2025-09-26
C01307,1,초저위험,3-5년,3000000,주택마련,2025-01-07
C01308,1,초저위험,1-3년,3000000,단기운용,2025-09-13
C01309,5,공격형,5-10년,300000,주택마련,2025-05-13
C01310,5,공격형,5-10년,100000,자녀교육,2025-10-07
C01311,4,적극형,10년이상,800000,노후대비,2025-01-06
C01312,4,적극형,1년이하,300000,자산증식,2025-05-24
C01313,1,초저위험,1년이하,3000000,단기운용,2025-01-11
C01314,4,적극형,10년이상,100000,단기운용,2025-06-03
C01315,4,적극형,5-10년,300000,자녀교육,2025-03-30
C01316,2,저위험,10년이상,800000,자산증식,2025-07-18
C01317,4,적극형,1-3년,3000000,단기운용,2025-10-25
C01318,2,저위험,1년이하,500000,주택마련,2025-07-16
C01319,1,초저위험,3-5년,300000,주택마련,2025-06-06
C01320,4,적극형,1-3년,800000,자산증식,2025-05-08
C01321,2,저위험,1년이하,1500000,단기운용,2025-07-01
C01322,3,중립형,1-3년,300000,노후대비,2025-09-15
C01323,3,중립형,10년이상,100000,주택마련,2025-05-07
C01324,5,공격형,1년이하,3000000,자산증식,2025-05-12
C01325,1,초저위험,1년이하,1500000,노후대비,2025-05-22
C01326,1,초저위험,5-10년,800000,노후대비,2025-07-22
C01327,1,초저위험,5-10년,100000,자녀교육,2025-04-05
C01328,5,공격형,1-3년,300000,자산증식,2025-08-23
C01329,2,저위험,10년이상,100000,주택마련,2025-10-12
C01330,2,저위험,1-3년,800000,노후대비,2025-05-11
C01331,4,적극형,1년이하,800000,주택마련,2025-01-20
C01332,2,저위험,3-5년,100000,주택마련,2025-06-04
C01333,1,초저위험,1년이하,500000,자녀교육,2025-06-18
C01334,1,초저위험,1-3년,1500000,단기운용,2025-05-28
C01335,4,적극형,5-10년,1500000,자녀교육,2025-04-01
C01336,5,공격형,3-5년,500000,자녀교육,2025-03-11
C01337,1,초저위험,1-3년,100000,자산증식,2025-08-12
C01338,5,공격형,5-10년,300000,주택마련,2025-08-22
C01339,3,중립형,1년이하,3000000,노후대비,2025-05-25
C01340,4,적극형,1년이하,800000,자녀교육,2025-10-19
C01341,5,공격형,10년이상,100000,자녀교육,2025-05-15
C01342,3,중립형,5-10년,3000000,자산증식,2025-05-27
C01343,3,중립형,10년이상,800000,자산증식,2025-05-19
C01344,5,공격형,3-5년,500000,노후대비,2025-06-09
C01345,1,초저위험,5-10년,500000,노후대비,2025-07-08
C01346,1,초저위험,3-5년,500000,자산증식,2025-09-02
C01347,3,중립형,3-5년,500000,노후대비,2025-08-12
C01348,3,중립형,10년이상,1500000,단기운용,2025-10-22
C01349,2,저위험,1년이하,500000,단기운용,2025-07-15
C01350,1,초저위험,1년이하,300000,주택마련,2025-10-03
C01351,5,공격형,1-3년,1500000,자산증식,2025-04-28
C01352,2,저위험,1년이하,3000000,자녀교육,2025-10-14
C01353,2,저위험,3-5년,800000,노후대비,2025-06-14
C01354,5,공격형,1년이하,100000,단기운용,2025-05-22
C01355,4,적극형,5-10년,1500000,자녀교육,2025-06-18
C01356,4,적극형,5-10년,800000,자녀교육,2025-09-05
C01357,1,초저위험,3-5년,300000,주택마련,2025-06-14
C01358,4,적극형,1년이하,1500000,자녀교육,2025-09-25
C01359,5,공격형,1년이하,100000,자녀교육,2025-07-26
C01360,2,저위험,3-5년,3000000,자녀교육,2025-03-08
C01361,4,적극형,1-3년,3000000,자산증식,2025-08-06
C01362,1,초저위험,10년이상,3000000,노후대비,2025-05-22
C01363,3,중립형,10년이상,3000000,자녀교육,2025-01-27
C01364,3,중립형,1-3년,100000,자녀교육,2025-02-11
C01365,3,중립형,5-10년,800000,주택마련,2025-05-24
C01366,3,중립형,3-5년,3000000,노후대비,2025-03-23
C01367,3,중립형,5-10년,3000000,주택마련,2025-08-22
C01368,1,초저위험,3-5년,1500000,자녀교육,2025-03-05
C01369,3,중립형,10년이상,500000,단기운용,2025-03-28
C01370,1,초저위험,1-3년,500000,자녀교육,2025-08-20
C01371,2,저위험,1-3년,100000,자녀교육,2025-08-06
C01372,4,적극형,3-5년,500000,자산증식,2025-10-14
C01373,3,중립형,1-3년,1500000,단기운용,2025-04-16
C01374,5,공격형,1년이하,1500000,주택마련,2025-06-03
C01375,5,공격형,1-3년,300000,자녀교육,2025-05-20
C01376,1,초저위험,3-5년,1500000,자산증식,2025-09-02
C01377,2,저위험,10년이상,100000,자산증식,2025-02-04
C01378,4,적극형,3-5년,500000,자녀교육,2025-01-03
C01379,4,적극형,10년이상,800000,노후대비,2025-05-08
C01380,4,적극형,3-5년,800000,자산증식,2025-02-23
C01381,1,초저위험,10년이상,300000,자녀교육,2025-05-12
C01382,4,적극형,1-3년,100000,자산증식,2025-09-06
C01383,1,초저위험,10년이상,100000,단기운용,2025-03-05
C01384,5,공격형,1-3년,1500000,자산증식,2025-09-10
C01385,5,공격형,1년이하,800000,자산증식,2025-05-04
C01386,5,공격형,5-10년,300000,단기운용,2025-05-03
C01387,4,적극형,1-3년,1500000,자녀교육,2025-02-23
C01388,2,저위험,10년이상,3000000,주택마련,2025-03-15
C01389,3,중립형,1년이하,800000,자녀교육,2025-01-03
C01390,1,초저위험,1-3년,1500000,단기운용,2025-06-22
C01391,4,적극형,10년이상,1500000,노후대비,2025-10-18
C01392,1,초저위험,10년이상,800000,노후대비,2025-07-20
C01393,5,공격형,1-3년,100000,자산증식,2025-05-17
C01394,5,공격형,5-10년,300000,자녀교육,2025-01-24
C01395,3,중립형,5-10년,1500000,단기운용,2025-01-14
C01396,1,초저위험,1년이하,100000,자녀교육,2025-02-24
C01397,3,중립형,1-3년,100000,자산증식,2025-10-09
C01398,5,공격형,1년이하,100000,주택마련,2025-09-30
C01399,2,저위험,10년이상,300000,자산증식,2025-03-06
C01400,2,저위험,3-5년,100000,노후대비,2025-08-29
C01401,3,중립형,1년이하,500000,노후대비,2025-05-09
C01402,4,적극형,1년이하,3000000,노후대비,2025-03-13
C01403,4,적극형,1년이하,1500000,노후대비,2025-07-26
C01404,4,적극형,1년이하,3000000,자녀교육,2025-02-16
C01405,4,적극형,1-3년,1500000,자녀교육,2025-06-06
C01406,3,중립형,1-3년,1500000,주택마련,2025-02-21
C01407,3,중립형,1년이하,3000000,단기운용,2025-01-21
C01408,2,저위험,1년이하,300000,주택마련,2025-01-09
C01409,1,초저위험,1-3년,800000,단기운용,2025-02-08
C01410,4,적극형,10년이상,500000,단기운용,2025-03-05
C01411,1,초저위험,1-3년,1500000,자산증식,2025-04-13
C01412,2,저위험,10년이상,1500000,주택마련,2025-04-14
C01413,2,저위험,1년이하,3000000,자산증식,2025-01-22
C01414,1,초저위험,3-5년,300000,단기운용,2025-03-14
C01415,1,초저위험,1년이하,300000,노후대비,2025-08-03
C01416,1,초저위험,5-10년,800000,노후대비,2025-04-26
C01417,1,초저위험,1년이하,800000,자산증식,2025-07-20
C01418,3,중립형,1년이하,800000,단기운용,2025-10-14
C01419,5,공격형,5-10년,100000,자산증식,2025-06-06
C01420,1,초저위험,1년이하,800000,주택마련,2025-09-19
C01421,1,초저위험,1년이하,3000000,단기운용,2025-10-14
C01422,2,저위험,5-10년,500000,주택마련,2025-08-02
C01423,5,공격형,1년이하,800000,자산증식,2025-10-27
C01424,3,중립형,1년이하,800000,자산증식,2025-05-13
C01425,3,중립형,5-10년,1500000,자녀교육,2025-10-16
C01426,5,공격형,10년이상,300000,단기운용,2025-06-19
C01427,3,중립형,1년이하,100000,단기운용,2025-02-22
C01428,2,저위험,10년이상,3000000,자녀교육,2025-06-09
C01429,1,초저위험,1년이하,500000,자산증식,2025-05-22
C01430,2,저위험,10년이상,300000,자녀교육,2025-07-20
C01431,2,저위험,5-10년,3000000,단기운용,2025-01-19
C01432,5,공격형,3-5년,300000,자산증식,2025-08-17
C01433,5,공격형,1-3년,3000000,노후대비,2025-07-24
C01434,1,초저위험,1년이하,500000,자녀교육,2025-05-02
C01435,3,중립형,10년이상,800000,노후대비,2025-09-12
C01436,3,중립형,1년이하,3000000,자녀교육,2025-02-13
C01437,1,초저위험,1-3년,1500000,노후대비,2025-04-13
C01438,2,저위험,10년이상,300000,주택마련,2025-01-12
C01439,1,초저위험,3-5년,500000,자녀교육,2025-03-15
C01440,5,공격형,1-3년,100000,자산증식,2025-02-22
C01441,5,공격형,1년이하,300000,자산증식,2025-01-01
C01442,5,공격형,10년이상,300000,단기운용,2025-06-10
C01443,5,공격형,1년이하,300000,단기운용,2025-04-23
C01444,5,공격형,1년이하,800000,자산증식,2025-06-25
C01445,5,공격형,1년이하,1500000,단기운용,2025-03-27
C01446,4,적극형,1-3년,300000,주택마련,2025-07-13
C01447,3,중립형,1-3년,1500000,자산증식,2025-03-08
C01448,3,중립형,5-10년,300000,노후대비,2025-10-22
C01449,5,공격형,10년이상,100000,자산증식,2025-07-09
C01450,3,중립형,10년이상,800000,자산증식,2025-10-15
C01451,5,공격형,10년이상,500000,노후대비,2025-07-04
C01452,5,공격형,10년이상,100000,주택마련,2025-01-06
C01453,2,저위험,1년이하,800000,자산증식,2025-06-12
C01454,4,적극형,3-5년,100000,자산증식,2025-03-04
C01455,1,초저위험,3-5년,100000,자산증식,2025-06-07
C01456,1,초저위험,1-3년,500000,자산증식,2025-05-05
C01457,4,적극형,3-5년,500000,자산증식,2025-03-05
C01458,2,저위험,5-10년,100000,자녀교육,2025-07-13
C01459,4,적극형,10년이상,100000,주택마련,2025-04-20
C01460,2,저위험,1년이하,3000000,자녀교육,2025-05-19
C01461,5,공격형,10년이상,100000,주택마련,2025-02-21
C01462,1,초저위험,1-3년,800000,자산증식,2025-10-27
C01463,2,저위험,10년이상,800000,주택마련,2025-04-09
C01464,3,중립형,1-3년,3000000,자녀교육,2025-07-04
C01465,2,저위험,3-5년,1500000,단기운용,2025-04-01
C01466,4,적극형,10년이상,800000,단기운용,2025-04-26
C01467,2,저위험,1-3년,1500000,주택마련,2025-08-20
C01468,1,초저위험,1년이하,800000,노후대비,2025-03-07
C01469,4,적극형,10년이상,300000,단기운용,2025-01-03
C01470,1,초저위험,3-5년,1500000,자산증식,2025-10-16
C01471,5,공격형,3-5년,1500000,노후대비,2025-05-11
C01472,3,중립형,1-3년,3000000,자녀교육,2025-01-14
C01473,4,적극형,1-3년,300000,노후대비,2025-06-10
C01474,1,초저위험,5-10년,500000,단기운용,2025-08-27
C01475,3,중립형,3-5년,1500000,자산증식,2025-02-22
C01476,5,공격형,3-5년,1500000,자산증식,2025-08-23
C01477,4,적극형,1년이하,500000,자산증식,2025-02-08
C01478,4,적극형,5-10년,3000000,노후대비,2025-06-06
C01479,1,초저위험,5-10년,3000000,주택마련,2025-09-16
C01480,3,중립형,10년이상,3000000,자녀교육,2025-01-21
C01481,2,저위험,1년이하,3000000,단기운용,2025-10-06
C01482,4,적극형,10년이상,3000000,노후대비,2025-05-13
C01483,3,중립형,10년이상,100000,노후대비,2025-04-27
C01484,1,초저위험,1년이하,1500000,자녀교육,2025-09-10
C01485,1,초저위험,1년이하,300000,자산증식,2025-03-20
C01486,5,공격형,5-10년,500000,자녀교육,2025-03-23
C01487,3,중립형,5-10년,3000000,자녀교육,2025-07-18
C01488,3,중립형,5-10년,800000,노후대비,2025-06-08
C01489,4,적극형,5-10년,500000,주택마련,2025-03-27
C01490,3,중립형,1-3년,800000,단기운용,2025-03-04
C01491,4,적극형,3-5년,3000000,자녀교육,2025-08-28
C01492,4,적극형,10년이상,300000,노후대비,2025-10-14
C01493,3,중립형,10년이상,300000,자산증식,2025-09-17
C01494,1,초저위험,1년이하,800000,단기운용,2025-09-15
C01495,2,저위험,10년이상,100000,주택마련,2025-04-26
C01496,4,적극형,3-5년,100000,자산증식,2025-03-18
C01497,1,초저위험,5-10년,800000,주택마련,2025-08-22
C01498,1,초저위험,3-5년,800000,단기운용,2025-01-06
C01499,4,적극형,5-10년,100000,자녀교육,2025-10-02
C01500,5,공격형,1년이하,100000,자산증식,2025-02-28
